Date,AAPL,MSFT,TSLA,CL=F,GC=F
2019-10-08,56.099998474121094,135.6699981689453,16.003332138061523,52.630001068115234,1497.199951171875
2019-10-09,56.75749969482422,138.24000549316406,16.302000045776367,52.59000015258789,1506.0999755859375
2019-10-10,57.522499084472656,139.10000610351562,16.31599998474121,53.54999923706055,1494.800048828125
2019-10-11,59.0525016784668,139.67999267578125,16.525999069213867,54.70000076293945,1482.699951171875
2019-10-14,58.967498779296875,139.5500030517578,17.130666732788086,53.59000015258789,1491.699951171875
2019-10-15,58.83000183105469,141.57000732421875,17.19266700744629,52.810001373291016,1477.5999755859375
2019-10-16,58.592498779296875,140.41000366210938,17.316667556762695,53.36000061035156,1488.0
2019-10-17,58.81999969482422,139.69000244140625,17.46466636657715,53.93000030517578,1492.300048828125
2019-10-18,59.102500915527344,137.41000366210938,17.1299991607666,53.779998779296875,1488.199951171875
2019-10-21,60.127498626708984,138.42999267578125,16.899999618530273,53.310001373291016,1482.4000244140625
2019-10-22,59.9900016784668,136.3699951171875,17.038667678833008,54.15999984741211,1481.699951171875
2019-10-23,60.79499816894531,137.24000549316406,16.978666305541992,55.970001220703125,1489.9000244140625
2019-10-24,60.89500045776367,139.94000244140625,19.978666305541992,56.22999954223633,1498.9000244140625
2019-10-25,61.64500045776367,140.72999572753906,21.875333786010742,56.65999984741211,1499.5
2019-10-28,62.26250076293945,144.19000244140625,21.847333908081055,55.810001373291016,1490.0
2019-10-29,60.8224983215332,142.8300018310547,21.08133316040039,55.540000915527344,1487.0
2019-10-30,60.814998626708984,144.61000061035156,21.000667572021484,55.060001373291016,1493.199951171875
2019-10-31,62.189998626708984,143.3699951171875,20.994667053222656,54.18000030517578,1511.4000244140625
2019-11-01,63.95500183105469,143.72000122070312,20.887332916259766,56.20000076293945,1508.0
2019-11-04,64.375,144.5500030517578,21.1646671295166,56.540000915527344,1508.0
2019-11-05,64.28250122070312,144.4600067138672,21.148000717163086,57.22999954223633,1480.800048828125
2019-11-06,64.30999755859375,144.05999755859375,21.77199935913086,56.349998474121094,1490.199951171875
2019-11-07,64.85749816894531,144.25999450683594,22.369333267211914,57.150001525878906,1464.199951171875
2019-11-08,65.03500366210938,145.9600067138672,22.47599983215332,57.2400016784668,1461.300048828125
2019-11-11,65.55000305175781,146.11000061035156,23.006000518798828,56.86000061035156,1455.5
2019-11-12,65.48999786376953,147.07000732421875,23.32866668701172,56.79999923706055,1452.0999755859375
2019-11-13,66.11750030517578,147.30999755859375,23.073999404907227,57.119998931884766,1461.699951171875
2019-11-14,65.66000366210938,148.05999755859375,23.290000915527344,56.77000045776367,1471.800048828125
2019-11-15,66.44000244140625,149.97000122070312,23.47800064086914,57.720001220703125,1467.300048828125
2019-11-18,66.7750015258789,150.33999633789062,23.332666397094727,57.04999923706055,1470.9000244140625
2019-11-19,66.57250213623047,150.38999938964844,23.968000411987305,55.209999084472656,1473.300048828125
2019-11-20,65.79750061035156,149.6199951171875,23.481332778930664,57.11000061035156,1473.300048828125
2019-11-21,65.50250244140625,149.47999572753906,23.655332565307617,58.58000183105469,1463.0999755859375
2019-11-22,65.44499969482422,149.58999633789062,22.202667236328125,57.77000045776367,1463.0999755859375
2019-11-25,66.59249877929688,151.22999572753906,22.422666549682617,58.0099983215332,1456.5999755859375
2019-11-26,66.07250213623047,152.02999877929688,21.92799949645996,58.40999984741211,1459.800048828125
2019-11-27,66.95999908447266,152.32000732421875,22.086000442504883,58.11000061035156,1453.4000244140625
2019-11-29,66.8125,151.3800048828125,21.996000289916992,55.16999816894531,1465.5999755859375
2019-12-02,66.04000091552734,149.5500030517578,22.32466697692871,55.959999084472656,1462.300048828125
2019-12-03,64.86250305175781,149.30999755859375,22.413333892822266,56.099998474121094,1478.199951171875
2019-12-04,65.43499755859375,149.85000610351562,22.20199966430664,58.43000030517578,1474.0
2019-12-05,66.3949966430664,149.92999267578125,22.024667739868164,58.43000030517578,1476.9000244140625
2019-12-06,67.67749786376953,151.75,22.392667770385742,59.20000076293945,1459.0999755859375
2019-12-09,66.7300033569336,151.36000061035156,22.635332107543945,59.02000045776367,1459.300048828125
2019-12-10,67.12000274658203,151.1300048828125,23.256000518798828,59.2400016784668,1462.5999755859375
2019-12-11,67.69249725341797,151.6999969482422,23.51333236694336,58.7599983215332,1469.4000244140625
2019-12-12,67.86499786376953,153.24000549316406,23.978666305541992,59.18000030517578,1466.699951171875
2019-12-13,68.7874984741211,154.52999877929688,23.892667770385742,60.06999969482422,1475.5999755859375
2019-12-16,69.96499633789062,155.52999877929688,25.433332443237305,60.209999084472656,1475.0
2019-12-17,70.10250091552734,154.69000244140625,25.266000747680664,60.939998626708984,1474.5999755859375
2019-12-18,69.93499755859375,154.3699951171875,26.209999084472656,60.93000030517578,1472.5999755859375
2019-12-19,70.00499725341797,155.7100067138672,26.93600082397461,61.220001220703125,1478.199951171875
2019-12-20,69.86000061035156,157.41000366210938,27.03933334350586,60.439998626708984,1474.699951171875
2019-12-23,71.0,157.41000366210938,27.947999954223633,60.52000045776367,1482.5
2019-12-24,71.06749725341797,157.3800048828125,28.350000381469727,61.11000061035156,1499.0999755859375
2019-12-26,72.47750091552734,158.6699981689453,28.729333877563477,61.68000030517578,1509.300048828125
2019-12-27,72.44999694824219,158.9600067138672,28.691999435424805,61.720001220703125,1513.800048828125
2019-12-30,72.87999725341797,157.58999633789062,27.64666748046875,61.68000030517578,1514.5
2019-12-31,73.4124984741211,157.6999969482422,27.8886661529541,61.060001373291016,1519.5
2020-01-02,75.0875015258789,160.6199951171875,28.68400001525879,61.18000030517578,1524.5
2020-01-03,74.35749816894531,158.6199951171875,29.534000396728516,63.04999923706055,1549.199951171875
2020-01-06,74.94999694824219,159.02999877929688,30.1026668548584,63.27000045776367,1566.199951171875
2020-01-07,74.59750366210938,157.5800018310547,31.270666122436523,62.70000076293945,1571.800048828125
2020-01-08,75.79750061035156,160.08999633789062,32.80933380126953,59.61000061035156,1557.4000244140625
2020-01-09,77.40750122070312,162.08999633789062,32.089332580566406,59.560001373291016,1551.699951171875
2020-01-10,77.5824966430664,161.33999633789062,31.876667022705078,59.040000915527344,1557.5
2020-01-13,79.23999786376953,163.27999877929688,34.990665435791016,58.08000183105469,1548.4000244140625
2020-01-14,78.16999816894531,162.1300048828125,35.861331939697266,58.22999954223633,1542.4000244140625
2020-01-15,77.83499908447266,163.17999267578125,34.56666564941406,57.810001373291016,1552.0999755859375
2020-01-16,78.80999755859375,166.1699981689453,34.232666015625,58.52000045776367,1549.0
2020-01-17,79.68250274658203,167.10000610351562,34.03333282470703,58.540000915527344,1558.800048828125
2020-01-21,79.14250183105469,166.5,36.47999954223633,58.34000015258789,1556.4000244140625
2020-01-22,79.42500305175781,165.6999969482422,37.97066879272461,56.7400016784668,1555.300048828125
2020-01-23,79.80750274658203,166.72000122070312,38.14666748046875,55.59000015258789,1564.5999755859375
2020-01-24,79.57749938964844,165.0399932861328,37.654666900634766,54.189998626708984,1571.0999755859375
2020-01-27,77.23750305175781,162.27999877929688,37.201332092285156,53.13999938964844,1576.800048828125
2020-01-28,79.42250061035156,165.4600067138672,37.793331146240234,53.47999954223633,1569.199951171875
2020-01-29,81.08499908447266,168.0399932861328,38.732666015625,53.33000183105469,1569.800048828125
2020-01-30,80.96749877929688,172.77999877929688,42.72066879272461,52.13999938964844,1583.5
2020-01-31,77.37750244140625,170.22999572753906,43.371334075927734,51.560001373291016,1582.9000244140625
2020-02-03,77.16500091552734,174.3800048828125,52.0,50.11000061035156,1577.199951171875
2020-02-04,79.7125015258789,180.1199951171875,59.137332916259766,49.61000061035156,1550.4000244140625
2020-02-05,80.36250305175781,179.89999389648438,48.97999954223633,50.75,1557.800048828125
2020-02-06,81.30249786376953,183.6300048828125,49.930667877197266,50.95000076293945,1565.0999755859375
2020-02-07,80.00749969482422,183.88999938964844,49.871334075927734,50.31999969482422,1568.5999755859375
2020-02-10,80.38749694824219,188.6999969482422,51.41866683959961,49.56999969482422,1574.699951171875
2020-02-11,79.90249633789062,184.44000244140625,51.62533187866211,49.939998626708984,1565.5999755859375
2020-02-12,81.80000305175781,184.7100067138672,51.15266799926758,51.16999816894531,1567.4000244140625
2020-02-13,81.21749877929688,183.7100067138672,53.599998474121094,51.41999816894531,1575.0999755859375
2020-02-14,81.23750305175781,185.35000610351562,53.33533477783203,52.04999923706055,1582.699951171875
2020-02-18,79.75,187.22999572753906,57.22666549682617,52.04999923706055,1600.0
2020-02-19,80.90499877929688,187.27999877929688,61.16133117675781,53.290000915527344,1607.5
2020-02-20,80.07499694824219,184.4199981689453,59.96066665649414,53.779998779296875,1616.5999755859375
2020-02-21,78.26249694824219,178.58999633789062,60.06666564941406,53.380001068115234,1644.5999755859375
2020-02-24,74.54499816894531,170.88999938964844,55.58599853515625,51.43000030517578,1672.4000244140625
2020-02-25,72.0199966430664,168.07000732421875,53.32733154296875,49.900001525878906,1646.9000244140625
2020-02-26,73.1624984741211,170.1699981689453,51.91999816894531,48.72999954223633,1640.0
2020-02-27,68.37999725341797,158.17999267578125,45.266666412353516,47.09000015258789,1640.0
2020-02-28,68.33999633789062,162.00999450683594,44.53266525268555,44.7599983215332,1564.0999755859375
2020-03-02,74.70249938964844,172.7899932861328,49.574668884277344,46.75,1592.300048828125
2020-03-03,72.33000183105469,164.50999450683594,49.70066833496094,47.18000030517578,1642.0999755859375
2020-03-04,75.68499755859375,170.5500030517578,49.96666717529297,46.779998779296875,1641.0999755859375
2020-03-05,73.2300033569336,166.27000427246094,48.30266571044922,45.900001525878906,1666.4000244140625
2020-03-06,72.25749969482422,161.57000732421875,46.89866638183594,41.279998779296875,1670.800048828125
2020-03-09,66.5425033569336,150.6199951171875,40.53333282470703,31.1299991607666,1674.5
2020-03-10,71.33499908447266,160.9199981689453,43.02199935913086,34.36000061035156,1659.0999755859375
2020-03-11,68.85749816894531,153.6300048828125,42.28200149536133,32.97999954223633,1641.4000244140625
2020-03-12,62.057498931884766,139.05999755859375,37.369998931884766,31.5,1589.300048828125
2020-03-13,69.49250030517578,158.8300018310547,36.44133377075195,31.729999542236328,1515.699951171875
2020-03-16,60.5525016784668,135.4199981689453,29.67133331298828,28.700000762939453,1485.9000244140625
2020-03-17,63.21500015258789,146.57000732421875,28.68000030517578,26.950000762939453,1524.9000244140625
2020-03-18,61.66749954223633,140.39999389648438,24.08133316040039,20.3700008392334,1477.300048828125
2020-03-19,61.19499969482422,142.7100067138672,28.50933265686035,25.219999313354492,1478.5999755859375
2020-03-20,57.310001373291016,137.35000610351562,28.50200080871582,22.43000030517578,1484.0
2020-03-23,56.092498779296875,135.97999572753906,28.952667236328125,23.360000610351562,1567.0
2020-03-24,61.720001220703125,148.33999633789062,33.66666793823242,24.010000228881836,1660.199951171875
2020-03-25,61.380001068115234,146.9199981689453,35.95000076293945,24.489999771118164,1632.300048828125
2020-03-26,64.61000061035156,156.11000061035156,35.21066665649414,22.600000381469727,1650.0999755859375
2020-03-27,61.935001373291016,149.6999969482422,34.29066848754883,21.510000228881836,1623.9000244140625
2020-03-30,63.70249938964844,160.22999572753906,33.47533416748047,20.09000015258789,1622.0
2020-03-31,63.5724983215332,157.7100067138672,34.93333435058594,20.479999542236328,1583.4000244140625
2020-04-01,60.227500915527344,152.11000061035156,32.104000091552734,20.309999465942383,1578.199951171875
2020-04-02,61.23249816894531,155.25999450683594,30.29800033569336,25.31999969482422,1625.699951171875
2020-04-03,60.352500915527344,153.8300018310547,32.000667572021484,28.34000015258789,1633.699951171875
2020-04-06,65.61750030517578,165.27000427246094,34.41600036621094,26.079999923706055,1677.0
2020-04-07,64.85749816894531,163.49000549316406,36.36333465576172,23.6299991607666,1664.800048828125
2020-04-08,66.51750183105469,165.1300048828125,36.589332580566406,25.09000015258789,1665.4000244140625
2020-04-09,66.99749755859375,165.13999938964844,38.20000076293945,22.760000228881836,1736.199951171875
2020-04-13,68.3125,165.50999450683594,43.39666748046875,22.40999984741211,1744.800048828125
2020-04-14,71.76249694824219,173.6999969482422,47.32600021362305,20.110000610351562,1756.699951171875
2020-04-15,71.10749816894531,171.8800048828125,48.65533447265625,19.8700008392334,1727.199951171875
2020-04-16,71.67250061035156,177.0399932861328,49.680667877197266,19.8700008392334,1720.4000244140625
2020-04-17,70.69999694824219,178.60000610351562,50.259334564208984,18.270000457763672,1689.199951171875
2020-04-20,69.23249816894531,175.05999755859375,49.75733184814453,-37.630001068115234,1701.5999755859375
2020-04-21,67.09249877929688,167.82000732421875,45.781333923339844,10.010000228881836,1678.199951171875
2020-04-22,69.0250015258789,173.52000427246094,48.807334899902344,13.779999732971191,1728.699951171875
2020-04-23,68.75749969482422,171.4199981689453,47.04199981689453,16.5,1733.300048828125
2020-04-24,70.74250030517578,174.5500030517578,48.34333419799805,16.940000534057617,1723.5
2020-04-27,70.7925033569336,174.0500030517578,53.25,12.779999732971191,1711.9000244140625
2020-04-28,69.6449966430664,169.80999755859375,51.27466583251953,12.34000015258789,1710.5
2020-04-29,71.93250274658203,177.42999267578125,53.367332458496094,15.0600004196167,1703.4000244140625
2020-04-30,73.44999694824219,179.2100067138672,52.12533187866211,18.84000015258789,1684.199951171875
2020-05-01,72.26750183105469,174.57000732421875,46.75466537475586,19.780000686645508,1694.5
2020-05-04,73.29000091552734,178.83999633789062,50.74599838256836,20.389999389648438,1706.9000244140625
2020-05-05,74.38999938964844,180.75999450683594,51.2140007019043,24.559999465942383,1704.4000244140625
2020-05-06,75.15750122070312,182.5399932861328,52.172000885009766,23.989999771118164,1684.199951171875
2020-05-07,75.93499755859375,183.60000610351562,52.00266647338867,23.549999237060547,1721.800048828125
2020-05-08,77.53250122070312,184.67999267578125,54.62799835205078,24.739999771118164,1709.9000244140625
2020-05-11,78.75250244140625,186.74000549316406,54.08599853515625,24.139999389648438,1695.300048828125
2020-05-12,77.85250091552734,182.50999450683594,53.96066665649414,25.780000686645508,1704.4000244140625
2020-05-13,76.9124984741211,179.75,52.73066711425781,25.290000915527344,1713.9000244140625
2020-05-14,77.38500213623047,180.52999877929688,53.55533218383789,27.559999465942383,1738.0999755859375
2020-05-15,76.92749786376953,183.16000366210938,53.27799987792969,29.43000030517578,1753.4000244140625
2020-05-18,78.73999786376953,184.91000366210938,54.242000579833984,31.81999969482422,1731.800048828125
2020-05-19,78.28500366210938,183.6300048828125,53.867332458496094,32.5,1744.199951171875
2020-05-20,79.80750274658203,185.66000366210938,54.37066650390625,33.4900016784668,1750.5999755859375
2020-05-21,79.2125015258789,183.42999267578125,55.17333221435547,33.91999816894531,1720.5
2020-05-22,79.72250366210938,183.50999450683594,54.45866775512695,33.25,1734.5999755859375
2020-05-26,79.18250274658203,181.57000732421875,54.591331481933594,34.349998474121094,1704.800048828125
2020-05-27,79.52749633789062,181.80999755859375,54.68199920654297,32.810001373291016,1710.300048828125
2020-05-28,79.5625,181.39999389648438,53.72066879272461,33.709999084472656,1713.300048828125
2020-05-29,79.48500061035156,183.25,55.66666793823242,35.4900016784668,1736.9000244140625
2020-06-01,80.4625015258789,182.8300018310547,59.87333297729492,35.439998626708984,1737.800048828125
2020-06-02,80.83499908447266,184.91000366210938,58.770668029785156,36.810001373291016,1725.199951171875
2020-06-03,81.27999877929688,185.36000061035156,58.86399841308594,37.290000915527344,1697.800048828125
2020-06-04,80.58000183105469,182.9199981689453,57.62533187866211,37.40999984741211,1718.9000244140625
2020-06-05,82.875,187.1999969482422,59.04399871826172,39.54999923706055,1676.199951171875
2020-06-08,83.36499786376953,188.36000061035156,63.327999114990234,38.189998626708984,1698.300048828125
2020-06-09,85.99749755859375,189.8000030517578,62.711334228515625,38.939998626708984,1714.699951171875
2020-06-10,88.20999908447266,196.83999633789062,68.336669921875,39.599998474121094,1713.300048828125
2020-06-11,83.9749984741211,186.27000427246094,64.85600280761719,36.34000015258789,1732.0
2020-06-12,84.69999694824219,187.74000549316406,62.35200119018555,36.2599983215332,1729.300048828125
2020-06-15,85.74749755859375,188.94000244140625,66.05999755859375,37.119998931884766,1720.300048828125
2020-06-16,88.0199966430664,193.57000732421875,65.47533416748047,38.380001068115234,1729.5999755859375
2020-06-17,87.89749908447266,194.24000549316406,66.11933135986328,37.959999084472656,1729.199951171875
2020-06-18,87.93250274658203,196.32000732421875,66.9306640625,38.84000015258789,1724.800048828125
2020-06-19,87.43000030517578,195.14999389648438,66.72666931152344,39.75,1745.9000244140625
2020-06-22,89.71749877929688,200.57000732421875,66.28800201416016,40.459999084472656,1756.699951171875
2020-06-23,91.63249969482422,201.91000366210938,66.78533172607422,40.369998931884766,1772.0999755859375
2020-06-24,90.01499938964844,197.83999633789062,64.0566635131836,38.0099983215332,1765.800048828125
2020-06-25,91.20999908447266,200.33999633789062,65.73200225830078,38.720001220703125,1762.0999755859375
2020-06-26,88.40750122070312,196.3300018310547,63.982666015625,38.4900016784668,1772.5
2020-06-29,90.44499969482422,198.44000244140625,67.29000091552734,39.70000076293945,1774.800048828125
2020-06-30,91.19999694824219,203.50999450683594,71.98733520507812,39.27000045776367,1793.0
2020-07-01,91.02749633789062,204.6999969482422,74.64199829101562,39.81999969482422,1773.199951171875
2020-07-02,91.02749633789062,206.25999450683594,80.57733154296875,40.650001525878906,1784.0
2020-07-06,93.4625015258789,210.6999969482422,91.43866729736328,40.630001068115234,1788.5
2020-07-07,93.17250061035156,208.25,92.65733337402344,40.619998931884766,1804.199951171875
2020-07-08,95.34249877929688,212.8300018310547,91.05867004394531,40.900001525878906,1815.5
2020-07-09,95.75250244140625,214.32000732421875,92.9520034790039,39.619998931884766,1799.199951171875
2020-07-10,95.91999816894531,213.6699981689453,102.97666931152344,40.54999923706055,1798.199951171875
2020-07-13,95.47750091552734,207.07000732421875,99.80400085449219,40.099998474121094,1811.0
2020-07-14,97.05750274658203,208.35000610351562,101.12000274658203,40.290000915527344,1810.5999755859375
2020-07-15,97.7249984741211,208.0399932861328,103.06732940673828,41.20000076293945,1811.4000244140625
2020-07-16,96.52249908447266,203.9199981689453,100.04266357421875,40.75,1798.699951171875
2020-07-17,96.32749938964844,202.8800048828125,100.05599975585938,40.59000015258789,1808.300048828125
2020-07-20,98.35749816894531,211.60000610351562,109.53333282470703,40.810001373291016,1815.9000244140625
2020-07-21,97.0,208.75,104.55733489990234,41.959999084472656,1842.4000244140625
2020-07-22,97.27249908447266,211.75,106.15533447265625,41.900001525878906,1864.0999755859375
2020-07-23,92.84500122070312,202.5399932861328,100.87133026123047,41.06999969482422,1889.0999755859375
2020-07-24,92.61499786376953,201.3000030517578,94.46666717529297,41.290000915527344,1897.300048828125
2020-07-27,94.80999755859375,203.85000610351562,102.63999938964844,41.599998474121094,1931.0
2020-07-28,93.25250244140625,202.02000427246094,98.43267059326172,41.040000915527344,1944.699951171875
2020-07-29,95.04000091552734,204.05999755859375,99.94066619873047,41.27000045776367,1953.5
2020-07-30,96.19000244140625,203.89999389648438,99.16600036621094,39.91999816894531,1942.300048828125
2020-07-31,106.26000213623047,205.00999450683594,95.38400268554688,40.27000045776367,1962.800048828125
2020-08-03,108.9375,216.5399932861328,99.0,41.0099983215332,1966.0
2020-08-04,109.66500091552734,213.2899932861328,99.13333129882812,41.70000076293945,2001.199951171875
2020-08-05,110.0625,212.94000244140625,99.00133514404297,42.189998626708984,2031.0999755859375
2020-08-06,113.90249633789062,216.35000610351562,99.30533599853516,41.95000076293945,2051.5
2020-08-07,111.11250305175781,212.47999572753906,96.84733581542969,41.220001220703125,2010.0999755859375
2020-08-10,112.72750091552734,208.25,94.57133483886719,41.939998626708984,2024.4000244140625
2020-08-11,109.375,203.3800048828125,91.6259994506836,41.61000061035156,1932.5999755859375
2020-08-12,113.01000213623047,209.19000244140625,103.65066528320312,42.66999816894531,1934.9000244140625
2020-08-13,115.01000213623047,208.6999969482422,108.06666564941406,42.2400016784668,1956.699951171875
2020-08-14,114.90750122070312,208.89999389648438,110.04733276367188,42.0099983215332,1937.0
2020-08-17,114.60749816894531,210.27999877929688,122.3759994506836,42.88999938964844,1985.0
2020-08-18,115.5625,211.49000549316406,125.80599975585938,42.88999938964844,1999.4000244140625
2020-08-19,115.7074966430664,209.6999969482422,125.23533630371094,42.93000030517578,1958.699951171875
2020-08-20,118.2750015258789,214.5800018310547,133.45533752441406,42.58000183105469,1933.800048828125
2020-08-21,124.37000274658203,213.02000427246094,136.6653289794922,42.34000015258789,1934.5999755859375
2020-08-24,125.85749816894531,213.69000244140625,134.27999877929688,42.619998931884766,1927.699951171875
2020-08-25,124.82499694824219,216.47000122070312,134.8893280029297,43.349998474121094,1911.800048828125
2020-08-26,126.52249908447266,221.14999389648438,143.54466247558594,43.38999938964844,1940.699951171875
2020-08-27,125.01000213623047,226.5800018310547,149.25,43.040000915527344,1921.5999755859375
2020-08-28,124.80750274658203,228.91000366210938,147.55999755859375,42.970001220703125,1964.5999755859375
2020-08-31,129.0399932861328,225.52999877929688,166.10667419433594,42.61000061035156,1967.5999755859375
2020-09-01,134.17999267578125,227.27000427246094,158.35000610351562,42.7599983215332,1968.199951171875
2020-09-02,131.39999389648438,231.64999389648438,149.1233367919922,41.5099983215332,1934.4000244140625
2020-09-03,120.87999725341797,217.3000030517578,135.6666717529297,41.369998931884766,1927.5999755859375
2020-09-04,120.95999908447266,214.25,139.44000244140625,39.77000045776367,1923.9000244140625
2020-09-08,112.81999969482422,202.66000366210938,110.06999969482422,36.7599983215332,1933.0
2020-09-09,117.31999969482422,211.2899932861328,122.09333038330078,38.04999923706055,1944.699951171875
2020-09-10,113.48999786376953,205.3699951171875,123.77999877929688,37.29999923706055,1954.199951171875
2020-09-11,112.0,204.02999877929688,124.23999786376953,37.33000183105469,1937.800048828125
2020-09-14,115.36000061035156,205.41000366210938,139.8733367919922,37.2599983215332,1953.0999755859375
2020-09-15,115.54000091552734,208.77999877929688,149.9199981689453,38.279998779296875,1956.300048828125
2020-09-16,112.12999725341797,205.0500030517578,147.25332641601562,40.15999984741211,1960.199951171875
2020-09-17,110.33999633789062,202.91000366210938,141.14332580566406,40.970001220703125,1940.0
2020-09-18,106.83999633789062,200.38999938964844,147.38333129882812,41.11000061035156,1952.0999755859375
2020-09-21,110.08000183105469,202.5399932861328,149.79666137695312,39.310001373291016,1901.199951171875
2020-09-22,111.80999755859375,207.4199981689453,141.41000366210938,39.599998474121094,1898.5999755859375
2020-09-23,107.12000274658203,200.58999633789062,126.78666687011719,39.93000030517578,1859.9000244140625
2020-09-24,108.22000122070312,203.19000244140625,129.26333618164062,40.310001373291016,1868.300048828125
2020-09-25,112.27999877929688,207.82000732421875,135.77999877929688,40.25,1857.699951171875
2020-09-28,114.95999908447266,209.44000244140625,140.39999389648438,40.599998474121094,1872.800048828125
2020-09-29,114.08999633789062,207.25999450683594,139.69000244140625,39.290000915527344,1894.300048828125
2020-09-30,115.80999755859375,210.3300018310547,143.00332641601562,40.220001220703125,1887.5
2020-10-01,116.79000091552734,212.4600067138672,149.3866729736328,38.720001220703125,1908.4000244140625
2020-10-02,113.0199966430664,206.19000244140625,138.3633270263672,37.04999923706055,1900.199951171875
2020-10-05,116.5,210.3800048828125,141.89332580566406,39.220001220703125,1912.5
2020-10-06,113.16000366210938,205.91000366210938,137.9933319091797,40.66999816894531,1901.0999755859375
2020-10-07,115.08000183105469,209.8300018310547,141.76666259765625,39.95000076293945,1883.5999755859375
2020-10-08,114.97000122070312,210.5800018310547,141.97332763671875,41.189998626708984,1888.5999755859375
2020-10-09,116.97000122070312,215.80999755859375,144.6666717529297,40.599998474121094,1919.5
2020-10-12,124.4000015258789,221.39999389648438,147.43333435058594,39.43000030517578,1922.5
2020-10-13,121.0999984741211,222.86000061035156,148.88333129882812,40.20000076293945,1888.5
2020-10-14,121.19000244140625,220.86000061035156,153.76666259765625,41.040000915527344,1901.300048828125
2020-10-15,120.70999908447266,219.66000366210938,149.6266632080078,40.959999084472656,1903.199951171875
2020-10-16,119.0199966430664,219.66000366210938,146.55667114257812,40.880001068115234,1900.800048828125
2020-10-19,115.9800033569336,214.22000122070312,143.61000061035156,40.83000183105469,1906.4000244140625
2020-10-20,117.51000213623047,214.64999389648438,140.64666748046875,41.459999084472656,1910.4000244140625
2020-10-21,116.87000274658203,214.8000030517578,140.8800048828125,40.029998779296875,1924.5999755859375
2020-10-22,115.75,214.88999938964844,141.92999267578125,40.63999938964844,1901.0999755859375
2020-10-23,115.04000091552734,216.22999572753906,140.2100067138672,39.849998474121094,1902.0
2020-10-26,115.05000305175781,210.0800018310547,140.0933380126953,38.560001373291016,1902.699951171875
2020-10-27,116.5999984741211,213.25,141.55999755859375,39.56999969482422,1908.800048828125
2020-10-28,111.19999694824219,202.67999267578125,135.33999633789062,37.38999938964844,1876.199951171875
2020-10-29,115.31999969482422,204.72000122070312,136.94332885742188,36.16999816894531,1865.5999755859375
2020-10-30,108.86000061035156,202.47000122070312,129.34666442871094,35.790000915527344,1877.4000244140625
2020-11-02,108.7699966430664,202.3300018310547,133.50332641601562,36.810001373291016,1890.4000244140625
2020-11-03,110.44000244140625,206.42999267578125,141.3000030517578,37.65999984741211,1908.5
2020-11-04,114.94999694824219,216.38999938964844,140.32666015625,39.150001525878906,1894.5999755859375
2020-11-05,119.02999877929688,223.2899932861328,146.02999877929688,38.790000915527344,1945.300048828125
2020-11-06,118.69000244140625,223.72000122070312,143.31666564941406,37.13999938964844,1950.300048828125
2020-11-09,116.31999969482422,218.38999938964844,140.4199981689453,40.290000915527344,1853.199951171875
2020-11-10,115.97000122070312,211.00999450683594,136.7866668701172,41.36000061035156,1875.4000244140625
2020-11-11,119.48999786376953,216.5500030517578,139.0433349609375,41.45000076293945,1860.699951171875
2020-11-12,119.20999908447266,215.44000244140625,137.25332641601562,41.119998931884766,1872.5999755859375
2020-11-13,119.26000213623047,216.50999450683594,136.1666717529297,40.130001068115234,1885.699951171875
2020-11-16,120.30000305175781,217.22999572753906,136.02999877929688,41.34000015258789,1887.300048828125
2020-11-17,119.38999938964844,214.4600067138672,147.20333862304688,41.43000030517578,1884.5
2020-11-18,118.02999877929688,211.0800018310547,162.2133331298828,41.81999969482422,1873.5
2020-11-19,118.63999938964844,212.4199981689453,166.42333984375,41.7400016784668,1861.0999755859375
2020-11-20,117.33999633789062,210.38999938964844,163.20333862304688,42.150001525878906,1872.5999755859375
2020-11-23,113.8499984741211,210.11000061035156,173.9499969482422,43.060001373291016,1837.800048828125
2020-11-24,115.16999816894531,213.86000061035156,185.1266632080078,44.90999984741211,1804.800048828125
2020-11-25,116.02999877929688,213.8699951171875,191.3333282470703,45.709999084472656,1805.699951171875
2020-11-27,116.58999633789062,215.22999572753906,195.25332641601562,45.529998779296875,1781.9000244140625
2020-11-30,119.05000305175781,214.07000732421875,189.1999969482422,45.34000015258789,1775.699951171875
2020-12-01,122.72000122070312,216.2100067138672,194.9199981689453,44.54999923706055,1814.0999755859375
2020-12-02,123.08000183105469,215.3699951171875,189.60667419433594,45.279998779296875,1825.699951171875
2020-12-03,122.94000244140625,214.24000549316406,197.7933349609375,45.63999938964844,1836.800048828125
2020-12-04,122.25,214.36000061035156,199.67999267578125,46.2599983215332,1835.9000244140625
2020-12-07,123.75,214.2899932861328,213.9199981689453,45.7599983215332,1861.800048828125
2020-12-08,124.37999725341797,216.00999450683594,216.6266632080078,45.599998474121094,1870.800048828125
2020-12-09,121.77999877929688,211.8000030517578,201.4933319091797,45.52000045776367,1834.5999755859375
2020-12-10,123.23999786376953,210.52000427246094,209.02333068847656,46.779998779296875,1833.5999755859375
2020-12-11,122.41000366210938,213.25999450683594,203.3300018310547,46.56999969482422,1839.800048828125
2020-12-14,121.77999877929688,214.1999969482422,213.27667236328125,46.9900016784668,1828.699951171875
2020-12-15,127.87999725341797,214.1300048828125,211.0833282470703,47.619998931884766,1852.300048828125
2020-12-16,127.80999755859375,219.27999877929688,207.58999633789062,47.81999969482422,1856.0999755859375
2020-12-17,128.6999969482422,219.4199981689453,218.63333129882812,48.36000061035156,1887.199951171875
2020-12-18,126.66000366210938,218.58999633789062,231.6666717529297,49.099998474121094,1885.699951171875
2020-12-21,128.22999572753906,222.58999633789062,216.6199951171875,47.7400016784668,1879.199951171875
2020-12-22,131.8800048828125,223.94000244140625,213.44667053222656,47.02000045776367,1866.5999755859375
2020-12-23,130.9600067138672,221.02000427246094,215.32666015625,48.119998931884766,1874.699951171875
2020-12-24,131.97000122070312,222.75,220.58999633789062,48.22999954223633,1879.9000244140625
2020-12-28,136.69000244140625,224.9600067138672,221.22999572753906,47.619998931884766,1877.199951171875
2020-12-29,134.8699951171875,224.14999389648438,221.99667358398438,48.0,1879.699951171875
2020-12-30,133.72000122070312,221.67999267578125,231.5933380126953,48.400001525878906,1891.0
2020-12-31,132.69000244140625,222.4199981689453,235.22332763671875,48.52000045776367,1893.0999755859375
2021-01-04,129.41000366210938,217.69000244140625,243.2566680908203,47.619998931884766,1944.699951171875
2021-01-05,131.00999450683594,217.89999389648438,245.0366668701172,49.93000030517578,1952.699951171875
2021-01-06,126.5999984741211,212.25,251.9933319091797,50.630001068115234,1906.9000244140625
2021-01-07,130.9199981689453,218.2899932861328,272.0133361816406,50.83000183105469,1912.300048828125
2021-01-08,132.0500030517578,219.6199951171875,293.3399963378906,52.2400016784668,1834.0999755859375
2021-01-11,128.97999572753906,217.49000549316406,270.39666748046875,52.25,1849.5999755859375
2021-01-12,128.8000030517578,214.92999267578125,283.14666748046875,53.209999084472656,1842.9000244140625
2021-01-13,130.88999938964844,216.33999633789062,284.8033447265625,52.90999984741211,1853.5999755859375
2021-01-14,128.91000366210938,213.02000427246094,281.6666564941406,53.56999969482422,1850.300048828125
2021-01-15,127.13999938964844,212.64999389648438,275.38665771484375,52.36000061035156,1829.300048828125
2021-01-19,127.83000183105469,216.44000244140625,281.51666259765625,52.97999954223633,1839.5
2021-01-20,132.02999877929688,224.33999633789062,283.48333740234375,53.2400016784668,1865.9000244140625
2021-01-21,136.8699951171875,224.97000122070312,281.663330078125,53.130001068115234,1865.300048828125
2021-01-22,139.07000732421875,225.9499969482422,282.21331787109375,52.27000045776367,1855.699951171875
2021-01-25,142.9199981689453,229.52999877929688,293.6000061035156,52.77000045776367,1854.9000244140625
2021-01-26,143.16000366210938,232.3300018310547,294.36334228515625,52.61000061035156,1850.699951171875
2021-01-27,142.05999755859375,232.89999389648438,288.0533447265625,52.849998474121094,1844.9000244140625
2021-01-28,137.08999633789062,238.92999267578125,278.4766540527344,52.34000015258789,1837.9000244140625
2021-01-29,131.9600067138672,231.9600067138672,264.510009765625,52.20000076293945,1847.300048828125
2021-02-01,134.13999938964844,239.64999389648438,279.9366760253906,53.54999923706055,1860.800048828125
2021-02-02,134.99000549316406,239.50999450683594,290.92999267578125,54.7599983215332,1830.5
2021-02-03,133.94000244140625,243.0,284.89666748046875,55.689998626708984,1832.199951171875
2021-02-04,137.38999938964844,242.00999450683594,283.3299865722656,56.22999954223633,1788.9000244140625
2021-02-05,136.75999450683594,242.1999969482422,284.07666015625,56.849998474121094,1810.9000244140625
2021-02-08,136.91000366210938,242.47000122070312,287.8066711425781,57.970001220703125,1831.9000244140625
2021-02-09,136.00999450683594,243.77000427246094,283.1533203125,58.36000061035156,1835.300048828125
2021-02-10,135.38999938964844,242.82000732421875,268.2733459472656,58.68000030517578,1840.5999755859375
2021-02-11,135.1300048828125,244.49000549316406,270.5533447265625,58.2400016784668,1824.9000244140625
2021-02-12,135.3699951171875,244.99000549316406,272.0400085449219,59.470001220703125,1821.5999755859375
2021-02-16,133.19000244140625,243.6999969482422,265.40667724609375,60.04999923706055,1797.199951171875
2021-02-17,130.83999633789062,244.1999969482422,266.04998779296875,61.13999938964844,1771.0999755859375
2021-02-18,129.7100067138672,243.7899932861328,262.4599914550781,60.52000045776367,1773.4000244140625
2021-02-19,129.8699951171875,240.97000122070312,260.4333190917969,59.2400016784668,1775.800048828125
2021-02-22,126.0,234.50999450683594,238.1666717529297,61.4900016784668,1806.699951171875
2021-02-23,125.86000061035156,233.27000427246094,232.94667053222656,61.66999816894531,1804.4000244140625
2021-02-24,125.3499984741211,234.5500030517578,247.33999633789062,63.220001220703125,1796.4000244140625
2021-02-25,120.98999786376953,228.99000549316406,227.4066619873047,63.529998779296875,1774.4000244140625
2021-02-26,121.26000213623047,232.3800048828125,225.1666717529297,61.5,1728.0999755859375
2021-03-01,127.79000091552734,236.94000244140625,239.47666931152344,60.63999938964844,1722.5
2021-03-02,125.12000274658203,233.8699951171875,228.81333923339844,59.75,1733.0999755859375
2021-03-03,122.05999755859375,227.55999755859375,217.73333740234375,61.279998779296875,1715.300048828125
2021-03-04,120.12999725341797,226.72999572753906,207.14666748046875,63.83000183105469,1700.199951171875
2021-03-05,121.41999816894531,231.60000610351562,199.31666564941406,66.08999633789062,1698.0
2021-03-08,116.36000061035156,227.38999938964844,187.6666717529297,65.05000305175781,1677.699951171875
2021-03-09,121.08999633789062,233.77999877929688,224.52667236328125,64.01000213623047,1716.5999755859375
2021-03-10,119.9800033569336,232.4199981689453,222.68666076660156,64.44000244140625,1721.5
2021-03-11,121.95999908447266,237.1300048828125,233.1999969482422,66.0199966430664,1722.300048828125
2021-03-12,121.02999877929688,235.75,231.2433319091797,65.61000061035156,1719.5
2021-03-15,123.98999786376953,234.80999755859375,235.97999572753906,65.38999938964844,1728.9000244140625
2021-03-16,125.56999969482422,237.7100067138672,225.6266632080078,64.80000305175781,1730.5999755859375
2021-03-17,124.76000213623047,237.0399932861328,233.93666076660156,64.5999984741211,1726.800048828125
2021-03-18,120.52999877929688,230.72000122070312,217.72000122070312,60.0,1732.199951171875
2021-03-19,119.98999786376953,230.35000610351562,218.2899932861328,61.41999816894531,1741.4000244140625
2021-03-22,123.38999938964844,235.99000549316406,223.3333282470703,61.54999923706055,1737.800048828125
2021-03-23,122.54000091552734,237.5800018310547,220.72000122070312,57.7599983215332,1724.699951171875
2021-03-24,120.08999633789062,235.4600067138672,210.08999633789062,61.18000030517578,1732.9000244140625
2021-03-25,120.58999633789062,232.33999633789062,213.4633331298828,58.560001373291016,1724.9000244140625
2021-03-26,121.20999908447266,236.47999572753906,206.23666381835938,60.970001220703125,1732.199951171875
2021-03-29,121.38999938964844,235.24000549316406,203.76333618164062,61.560001373291016,1712.0999755859375
2021-03-30,119.9000015258789,231.85000610351562,211.8733367919922,60.54999923706055,1683.9000244140625
2021-03-31,122.1500015258789,235.77000427246094,222.64332580566406,59.15999984741211,1713.800048828125
2021-04-01,123.0,242.35000610351562,220.5833282470703,61.45000076293945,1726.5
2021-04-05,125.9000015258789,249.07000732421875,230.35000610351562,58.650001525878906,1727.0
2021-04-06,126.20999908447266,247.86000061035156,230.5399932861328,59.33000183105469,1741.5
2021-04-07,127.9000015258789,249.89999389648438,223.6566619873047,59.77000045776367,1740.0999755859375
2021-04-08,130.36000061035156,253.25,227.93333435058594,59.599998474121094,1756.800048828125
2021-04-09,133.0,255.85000610351562,225.67333984375,59.31999969482422,1743.300048828125
2021-04-12,131.24000549316406,255.91000366210938,233.9933319091797,59.70000076293945,1731.199951171875
2021-04-13,134.42999267578125,258.489990234375,254.10667419433594,60.18000030517578,1746.199951171875
2021-04-14,132.02999877929688,255.58999633789062,244.07666015625,63.150001525878906,1734.9000244140625
2021-04-15,134.5,259.5,246.28334045410156,63.459999084472656,1765.4000244140625
2021-04-16,134.16000366210938,260.739990234375,246.5933380126953,63.130001068115234,1779.0
2021-04-19,134.83999633789062,258.739990234375,238.2100067138672,63.380001068115234,1769.4000244140625
2021-04-20,133.11000061035156,258.260009765625,239.663330078125,62.439998626708984,1777.300048828125
2021-04-21,133.5,260.5799865722656,248.0399932861328,61.349998474121094,1792.300048828125
2021-04-22,131.94000244140625,257.1700134277344,239.89666748046875,61.43000030517578,1781.199951171875
2021-04-23,134.32000732421875,261.1499938964844,243.13333129882812,62.13999938964844,1777.0
2021-04-26,134.72000122070312,261.54998779296875,246.06666564941406,61.90999984741211,1779.199951171875
2021-04-27,134.38999938964844,261.9700012207031,234.913330078125,62.939998626708984,1778.0
2021-04-28,133.5800018310547,254.55999755859375,231.46665954589844,63.86000061035156,1773.199951171875
2021-04-29,133.47999572753906,252.50999450683594,225.6666717529297,65.01000213623047,1768.0999755859375
2021-04-30,131.4600067138672,252.17999267578125,236.47999572753906,63.58000183105469,1767.300048828125
2021-05-03,132.5399932861328,251.86000061035156,228.3000030517578,64.48999786376953,1791.4000244140625
2021-05-04,127.8499984741211,247.7899932861328,224.53334045410156,65.69000244140625,1775.800048828125
2021-05-05,128.10000610351562,246.47000122070312,223.64666748046875,65.62999725341797,1784.0999755859375
2021-05-06,129.74000549316406,249.72999572753906,221.17999267578125,64.70999908447266,1815.5
2021-05-07,130.2100067138672,252.4600067138672,224.1233367919922,64.9000015258789,1831.0999755859375
2021-05-10,126.8499984741211,247.17999267578125,209.67999267578125,64.91999816894531,1837.5
2021-05-11,125.91000366210938,246.22999572753906,205.73333740234375,65.27999877929688,1835.9000244140625
2021-05-12,122.7699966430664,239.0,196.6300048828125,66.08000183105469,1822.5999755859375
2021-05-13,124.97000122070312,243.02999877929688,190.56333923339844,63.81999969482422,1823.800048828125
2021-05-14,127.44999694824219,248.14999389648438,196.5800018310547,65.37000274658203,1837.9000244140625
2021-05-17,126.2699966430664,245.17999267578125,192.27667236328125,66.2699966430664,1867.5
2021-05-18,124.8499984741211,243.0800018310547,192.6233367919922,65.48999786376953,1867.800048828125
2021-05-19,124.69000244140625,243.1199951171875,187.82000732421875,63.36000061035156,1881.300048828125
2021-05-20,127.30999755859375,246.47999572753906,195.5933380126953,62.04999923706055,1881.800048828125
2021-05-21,125.43000030517578,245.1699981689453,193.6266632080078,63.58000183105469,1876.699951171875
2021-05-24,127.0999984741211,250.77999877929688,202.14666748046875,66.05000305175781,1884.5999755859375
2021-05-25,126.9000015258789,251.72000122070312,201.56333923339844,66.06999969482422,1898.0999755859375
2021-05-26,126.8499984741211,251.49000549316406,206.3766632080078,66.20999908447266,1901.300048828125
2021-05-27,125.27999877929688,249.30999755859375,210.28334045410156,66.8499984741211,1895.699951171875
2021-05-28,124.61000061035156,249.67999267578125,208.4066619873047,66.31999969482422,1902.5
2021-06-01,124.27999877929688,247.39999389648438,207.96665954589844,67.72000122070312,1902.9000244140625
2021-06-02,125.05999755859375,247.3000030517578,201.7066650390625,68.83000183105469,1907.5
2021-06-03,123.54000091552734,245.7100067138672,190.94667053222656,68.80999755859375,1871.199951171875
2021-06-04,125.88999938964844,250.7899932861328,199.68333435058594,69.62000274658203,1889.800048828125
2021-06-07,125.9000015258789,253.80999755859375,201.7100067138672,69.2300033569336,1896.800048828125
2021-06-08,126.73999786376953,252.57000732421875,201.19667053222656,70.05000305175781,1892.199951171875
2021-06-09,127.12999725341797,253.58999633789062,199.5933380126953,69.95999908447266,1893.199951171875
2021-06-10,126.11000061035156,257.239990234375,203.3733367919922,70.29000091552734,1894.199951171875
2021-06-11,127.3499984741211,257.8900146484375,203.29666137695312,70.91000366210938,1877.4000244140625
2021-06-14,130.47999572753906,259.8900146484375,205.89666748046875,70.87999725341797,1864.0
2021-06-15,129.63999938964844,258.3599853515625,199.7866668701172,72.12000274658203,1854.5
2021-06-16,130.14999389648438,257.3800048828125,201.6233367919922,72.1500015258789,1859.5
2021-06-17,131.7899932861328,260.8999938964844,205.53334045410156,71.04000091552734,1773.800048828125
2021-06-18,130.4600067138672,259.42999267578125,207.77000427246094,71.63999938964844,1767.9000244140625
2021-06-21,132.3000030517578,262.6300048828125,206.94332885742188,73.66000366210938,1781.800048828125
2021-06-22,133.97999572753906,265.510009765625,207.90333557128906,73.05999755859375,1776.300048828125
2021-06-23,133.6999969482422,265.2699890136719,218.85667419433594,73.08000183105469,1782.300048828125
2021-06-24,133.41000366210938,266.69000244140625,226.60667419433594,73.30000305175781,1775.5999755859375
2021-06-25,133.11000061035156,265.0199890136719,223.9566650390625,74.05000305175781,1776.5999755859375
2021-06-28,134.77999877929688,268.7200012207031,229.57333374023438,72.91000366210938,1779.5999755859375
2021-06-29,136.3300018310547,271.3999938964844,226.9199981689453,72.9800033569336,1762.800048828125
2021-06-30,136.9600067138672,270.8999938964844,226.56666564941406,73.47000122070312,1770.800048828125
2021-07-01,137.27000427246094,271.6000061035156,225.97332763671875,75.2300033569336,1775.9000244140625
2021-07-02,139.9600067138672,277.6499938964844,226.3000030517578,75.16000366210938,1782.5999755859375
2021-07-06,142.02000427246094,277.6600036621094,219.86000061035156,73.37000274658203,1793.5
2021-07-07,144.57000732421875,279.92999267578125,214.88333129882812,72.19999694824219,1801.5
2021-07-08,143.24000549316406,277.4200134277344,217.60333251953125,72.94000244140625,1799.5999755859375
2021-07-09,145.11000061035156,277.94000244140625,218.98333740234375,74.55999755859375,1810.0
2021-07-12,144.5,277.32000732421875,228.56666564941406,74.0999984741211,1805.5
2021-07-13,145.63999938964844,280.9800109863281,222.84666442871094,75.25,1809.4000244140625
2021-07-14,149.14999389648438,282.510009765625,217.7933349609375,73.12999725341797,1824.300048828125
2021-07-15,148.47999572753906,281.0299987792969,216.86666870117188,71.6500015258789,1828.4000244140625
2021-07-16,146.38999938964844,280.75,214.74000549316406,71.80999755859375,1814.5
2021-07-19,142.4499969482422,277.010009765625,215.4066619873047,66.41999816894531,1808.699951171875
2021-07-20,146.14999389648438,279.32000732421875,220.1666717529297,67.41999816894531,1810.9000244140625
2021-07-21,145.39999389648438,281.3999938964844,218.42999267578125,70.30000305175781,1802.9000244140625
2021-07-22,146.8000030517578,286.1400146484375,216.4199981689453,71.91000366210938,1805.0
2021-07-23,148.55999755859375,289.6700134277344,214.4600067138672,72.06999969482422,1801.4000244140625
2021-07-26,148.99000549316406,289.04998779296875,219.2066650390625,71.91000366210938,1798.699951171875
2021-07-27,146.77000427246094,286.5400085449219,214.92666625976562,71.6500015258789,1799.5
2021-07-28,144.97999572753906,286.2200012207031,215.66000366210938,72.38999938964844,1799.5
2021-07-29,145.63999938964844,286.5,225.78334045410156,73.62000274658203,1831.199951171875
2021-07-30,145.86000061035156,284.9100036621094,229.06666564941406,73.94999694824219,1812.5999755859375
2021-08-02,145.52000427246094,284.82000732421875,236.55667114257812,71.26000213623047,1818.0999755859375
2021-08-03,147.36000061035156,287.1199951171875,236.5800018310547,70.55999755859375,1810.0999755859375
2021-08-04,146.9499969482422,286.510009765625,236.97332763671875,68.1500015258789,1810.5
2021-08-05,147.05999755859375,289.5199890136719,238.2100067138672,69.08999633789062,1805.0999755859375
2021-08-06,146.13999938964844,289.4599914550781,233.03334045410156,68.27999877929688,1760.0
2021-08-09,146.08999633789062,288.3299865722656,237.9199981689453,66.4800033569336,1723.4000244140625
2021-08-10,145.60000610351562,286.44000244140625,236.663330078125,68.29000091552734,1728.800048828125
2021-08-11,145.86000061035156,286.95001220703125,235.94000244140625,69.25,1750.4000244140625
2021-08-12,148.88999938964844,289.80999755859375,240.75,69.08999633789062,1749.0
2021-08-13,149.10000610351562,292.8500061035156,239.05667114257812,68.44000244140625,1775.199951171875
2021-08-16,151.1199951171875,294.6000061035156,228.72332763671875,67.29000091552734,1786.9000244140625
2021-08-17,150.19000244140625,293.0799865722656,221.90333557128906,66.58999633789062,1785.0
2021-08-18,146.36000061035156,290.7300109863281,229.663330078125,65.45999908447266,1781.5999755859375
2021-08-19,146.6999969482422,296.7699890136719,224.49000549316406,63.689998626708984,1780.199951171875
2021-08-20,148.19000244140625,304.3599853515625,226.75332641601562,62.31999969482422,1781.0
2021-08-23,149.7100067138672,304.6499938964844,235.43333435058594,65.63999938964844,1803.199951171875
2021-08-24,149.6199951171875,302.6199951171875,236.163330078125,67.54000091552734,1805.5999755859375
2021-08-25,148.36000061035156,302.010009765625,237.06666564941406,68.36000061035156,1788.199951171875
2021-08-26,147.5399932861328,299.0899963378906,233.72000122070312,67.41999816894531,1792.199951171875
2021-08-27,148.60000610351562,299.7200012207031,237.30667114257812,68.73999786376953,1816.5999755859375
2021-08-30,153.1199951171875,303.5899963378906,243.6366729736328,69.20999908447266,1809.0
2021-08-31,151.8300018310547,301.8800048828125,245.24000549316406,68.5,1815.0
2021-09-01,152.50999450683594,301.8299865722656,244.69667053222656,68.58999633789062,1813.0999755859375
2021-09-02,153.64999389648438,301.1499938964844,244.1300048828125,69.98999786376953,1808.699951171875
2021-09-03,154.3000030517578,301.1400146484375,244.52333068847656,69.29000091552734,1830.9000244140625
2021-09-07,156.69000244140625,300.17999267578125,250.97332763671875,68.3499984741211,1795.9000244140625
2021-09-08,155.11000061035156,300.2099914550781,251.2899932861328,69.30000305175781,1790.699951171875
2021-09-09,154.07000732421875,297.25,251.6199951171875,68.13999938964844,1797.4000244140625
2021-09-10,148.97000122070312,295.7099914550781,245.42333984375,69.72000122070312,1789.5999755859375
2021-09-13,149.5500030517578,296.989990234375,247.6666717529297,70.44999694824219,1792.0
2021-09-14,148.1199951171875,299.7900085449219,248.163330078125,70.45999908447266,1804.699951171875
2021-09-15,149.02999877929688,304.82000732421875,251.94332885742188,72.61000061035156,1792.4000244140625
2021-09-16,148.7899932861328,305.2200012207031,252.3300018310547,72.61000061035156,1754.5999755859375
2021-09-17,146.05999755859375,299.8699951171875,253.163330078125,71.97000122070312,1749.4000244140625
2021-09-20,142.94000244140625,294.29998779296875,243.38999938964844,70.29000091552734,1761.800048828125
2021-09-21,143.42999267578125,294.79998779296875,246.4600067138672,70.55999755859375,1776.0
2021-09-22,145.85000610351562,298.5799865722656,250.64666748046875,72.2300033569336,1776.699951171875
2021-09-23,146.8300018310547,299.55999755859375,251.2133331298828,73.30000305175781,1747.699951171875
2021-09-24,146.9199981689453,299.3500061035156,258.1300048828125,73.9800033569336,1749.699951171875
2021-09-27,145.3699951171875,294.1700134277344,263.78668212890625,75.44999694824219,1750.0
2021-09-28,141.91000366210938,283.5199890136719,259.1866760253906,75.29000091552734,1735.800048828125
2021-09-29,142.8300018310547,284.0,260.4366760253906,74.83000183105469,1721.5
2021-09-30,141.5,281.9200134277344,258.49334716796875,75.02999877929688,1755.300048828125
2021-10-01,142.64999389648438,289.1000061035156,258.40667724609375,75.87999725341797,1757.0
2021-10-04,139.13999938964844,283.1099853515625,260.510009765625,77.62000274658203,1766.199951171875
2021-10-05,141.11000061035156,288.760009765625,260.1966552734375,78.93000030517578,1759.5999755859375
2021-10-06,142.0,293.1099853515625,260.9166564941406,77.43000030517578,1760.5
2021-10-07,143.2899932861328,294.8500061035156,264.53668212890625,78.30000305175781,1757.9000244140625
2021-10-08,142.89999389648438,294.8500061035156,261.8299865722656,79.3499984741211,1756.300048828125
2021-10-11,142.80999755859375,294.2300109863281,263.9800109863281,80.5199966430664,1754.5999755859375
2021-10-12,141.50999450683594,292.8800048828125,268.5733337402344,80.63999938964844,1758.300048828125
2021-10-13,140.91000366210938,296.30999755859375,270.3599853515625,80.44000244140625,1793.699951171875
2021-10-14,143.75999450683594,302.75,272.7733459472656,81.30999755859375,1796.699951171875
2021-10-15,144.83999633789062,304.2099914550781,281.010009765625,82.27999877929688,1767.199951171875
2021-10-18,146.5500030517578,307.2900085449219,290.03668212890625,82.44000244140625,1764.800048828125
2021-10-19,148.75999450683594,308.2300109863281,288.0899963378906,82.95999908447266,1769.699951171875
2021-10-20,149.25999450683594,307.4100036621094,288.6000061035156,83.87000274658203,1784.0999755859375
2021-10-21,149.47999572753906,310.760009765625,298.0,82.5,1781.199951171875
2021-10-22,148.69000244140625,309.1600036621094,303.2266540527344,83.76000213623047,1795.5
2021-10-25,148.63999938964844,308.1300048828125,341.6199951171875,83.76000213623047,1806.0
2021-10-26,149.32000732421875,310.1099853515625,339.4766540527344,84.6500015258789,1792.699951171875
2021-10-27,148.85000610351562,323.1700134277344,345.9533386230469,82.66000366210938,1797.9000244140625
2021-10-28,152.57000732421875,324.3500061035156,359.0133361816406,82.80999755859375,1801.5999755859375
2021-10-29,149.8000030517578,331.6199951171875,371.3333435058594,83.56999969482422,1783.0
2021-11-01,148.9600067138672,329.3699951171875,402.86334228515625,84.05000305175781,1795.0999755859375
2021-11-02,150.02000427246094,333.1300048828125,390.6666564941406,83.91000366210938,1788.699951171875
2021-11-03,151.49000549316406,334.0,404.6199951171875,80.86000061035156,1763.5999755859375
2021-11-04,150.9600067138672,336.44000244140625,409.9700012207031,78.80999755859375,1793.0
2021-11-05,151.27999877929688,336.05999755859375,407.36334228515625,81.2699966430664,1816.4000244140625
2021-11-08,150.44000244140625,336.989990234375,387.64666748046875,81.93000030517578,1827.4000244140625
2021-11-09,150.80999755859375,335.95001220703125,341.1666564941406,84.1500015258789,1830.199951171875
2021-11-10,147.9199981689453,330.79998779296875,355.98333740234375,81.33999633789062,1847.5999755859375
2021-11-11,147.8699951171875,332.42999267578125,354.5033264160156,81.58999633789062,1863.199951171875
2021-11-12,149.99000549316406,336.7200012207031,344.47332763671875,80.79000091552734,1867.9000244140625
2021-11-15,150.0,336.07000732421875,337.7966613769531,80.87999725341797,1866.0999755859375
2021-11-16,151.0,339.510009765625,351.57666015625,80.76000213623047,1853.5999755859375
2021-11-17,153.49000549316406,339.1199951171875,363.0033264160156,78.36000061035156,1869.699951171875
2021-11-18,157.8699951171875,341.2699890136719,365.4599914550781,79.01000213623047,1861.0
2021-11-19,160.5500030517578,343.1099853515625,379.0199890136719,76.0999984741211,1851.199951171875
2021-11-22,161.02000427246094,339.8299865722656,385.6233215332031,76.75,1806.0
2021-11-23,161.41000366210938,337.67999267578125,369.6766662597656,78.5,1783.5
2021-11-24,161.94000244140625,337.9100036621094,372.0,78.38999938964844,1784.0999755859375
2021-11-25,,,,78.02999877929688,1791.4000244140625
2021-11-26,156.80999755859375,329.67999267578125,360.6400146484375,68.1500015258789,1785.300048828125
2021-11-29,160.24000549316406,336.6300048828125,378.9966735839844,69.94999694824219,1782.300048828125
2021-11-30,165.3000030517578,330.5899963378906,381.586669921875,66.18000030517578,1773.5999755859375
2021-12-01,164.77000427246094,330.0799865722656,365.0,65.56999969482422,1781.5999755859375
2021-12-02,163.75999450683594,329.489990234375,361.5333251953125,66.5,1760.699951171875
2021-12-03,161.83999633789062,323.010009765625,338.3233337402344,66.26000213623047,1782.0
2021-12-06,165.32000732421875,326.19000244140625,336.336669921875,69.48999786376953,1777.5
2021-12-07,171.17999267578125,334.9200134277344,350.5833435058594,72.05000305175781,1782.5999755859375
2021-12-08,175.0800018310547,334.9700012207031,356.32000732421875,72.36000061035156,1783.4000244140625
2021-12-09,174.55999755859375,333.1000061035156,334.6000061035156,70.94000244140625,1774.5999755859375
2021-12-10,179.4499969482422,342.5400085449219,339.010009765625,71.66999816894531,1782.9000244140625
2021-12-13,175.74000549316406,339.3999938964844,322.13665771484375,71.29000091552734,1786.300048828125
2021-12-14,174.3300018310547,328.3399963378906,319.5033264160156,70.7300033569336,1770.4000244140625
2021-12-15,179.3000030517578,334.6499938964844,325.3299865722656,70.87000274658203,1762.5999755859375
2021-12-16,172.25999450683594,324.8999938964844,308.97332763671875,72.37999725341797,1796.5999755859375
2021-12-17,171.13999938964844,323.79998779296875,310.8566589355469,70.86000061035156,1803.800048828125
2021-12-20,169.75,319.9100036621094,299.9800109863281,68.2300033569336,1793.699951171875
2021-12-21,172.99000549316406,327.2900085449219,312.84332275390625,71.12000274658203,1787.9000244140625
2021-12-22,175.63999938964844,333.20001220703125,336.2900085449219,72.76000213623047,1801.5999755859375
2021-12-23,176.27999877929688,334.69000244140625,355.6666564941406,73.79000091552734,1811.199951171875
2021-12-27,180.3300018310547,342.45001220703125,364.64666748046875,75.56999969482422,1808.0999755859375
2021-12-28,179.2899932861328,341.25,362.8233337402344,75.9800033569336,1810.199951171875
2021-12-29,179.3800048828125,341.95001220703125,362.0633239746094,76.55999755859375,1805.0999755859375
2021-12-30,178.1999969482422,339.32000732421875,356.7799987792969,76.98999786376953,1812.699951171875
2021-12-31,177.57000732421875,336.32000732421875,352.260009765625,75.20999908447266,1827.5
2022-01-03,182.00999450683594,334.75,399.9266662597656,76.08000183105469,1799.4000244140625
2022-01-04,179.6999969482422,329.010009765625,383.1966552734375,76.98999786376953,1814.0
2022-01-05,174.9199981689453,316.3800048828125,362.7066650390625,77.8499984741211,1824.5999755859375
2022-01-06,172.0,313.8800048828125,354.8999938964844,79.45999908447266,1788.699951171875
2022-01-07,172.1699981689453,314.0400085449219,342.32000732421875,78.9000015258789,1797.0
2022-01-10,172.19000244140625,314.2699890136719,352.7066650390625,78.2300033569336,1798.4000244140625
2022-01-11,175.0800018310547,314.9800109863281,354.79998779296875,81.22000122070312,1818.5999755859375
2022-01-12,175.52999877929688,318.2699890136719,368.739990234375,82.63999938964844,1827.199951171875
2022-01-13,172.19000244140625,304.79998779296875,343.85333251953125,82.12000274658203,1821.199951171875
2022-01-14,173.07000732421875,310.20001220703125,349.8699951171875,83.81999969482422,1816.5
2022-01-18,169.8000030517578,302.6499938964844,343.5033264160156,85.43000030517578,1812.300048828125
2022-01-19,166.22999572753906,303.3299865722656,331.8833312988281,86.95999908447266,1843.0999755859375
2022-01-20,164.50999450683594,301.6000061035156,332.0899963378906,86.9000015258789,1842.5
2022-01-21,162.41000366210938,296.0299987792969,314.6333312988281,85.13999938964844,1831.800048828125
2022-01-24,161.6199951171875,296.3699951171875,310.0,83.30999755859375,1841.699951171875
2022-01-25,159.77999877929688,288.489990234375,306.1333312988281,85.5999984741211,1852.699951171875
2022-01-26,159.69000244140625,296.7099914550781,312.4700012207031,87.3499984741211,1829.9000244140625
2022-01-27,159.22000122070312,299.8399963378906,276.3666687011719,86.61000061035156,1793.300048828125
2022-01-28,170.3300018310547,308.260009765625,282.1166687011719,86.81999969482422,1784.9000244140625
2022-01-31,174.77999877929688,310.9800109863281,312.239990234375,88.1500015258789,1795.0
2022-02-01,174.61000061035156,308.760009765625,310.4166564941406,88.19999694824219,1800.300048828125
2022-02-02,175.83999633789062,313.4599914550781,301.88665771484375,88.26000213623047,1809.199951171875
2022-02-03,172.89999389648438,301.25,297.0466613769531,90.2699966430664,1803.0
2022-02-04,172.38999938964844,305.94000244140625,307.7733459472656,92.30999755859375,1806.5999755859375
2022-02-07,171.66000366210938,300.95001220703125,302.4466552734375,91.31999969482422,1820.5999755859375
2022-02-08,174.8300018310547,304.55999755859375,307.3333435058594,89.36000061035156,1826.5999755859375
2022-02-09,176.27999877929688,311.2099914550781,310.6666564941406,89.66000366210938,1835.199951171875
2022-02-10,172.1199951171875,302.3800048828125,301.51666259765625,89.87999725341797,1836.199951171875
2022-02-11,168.63999938964844,295.0400085449219,286.6666564941406,93.0999984741211,1840.800048828125
2022-02-14,168.8800048828125,295.0,291.9200134277344,95.45999908447266,1868.0
2022-02-15,172.7899932861328,300.4700012207031,307.4766540527344,92.06999969482422,1854.800048828125
2022-02-16,172.5500030517578,299.5,307.7966613769531,93.66000366210938,1870.199951171875
2022-02-17,168.8800048828125,290.7300109863281,292.1166687011719,91.76000213623047,1900.699951171875
2022-02-18,167.3000030517578,287.92999267578125,285.6600036621094,91.06999969482422,1898.5999755859375
2022-02-22,164.32000732421875,287.7200012207031,273.84332275390625,92.3499984741211,1906.0999755859375
2022-02-23,160.07000732421875,280.2699890136719,254.67999267578125,92.0999984741211,1909.199951171875
2022-02-24,162.74000549316406,294.5899963378906,266.92333984375,92.80999755859375,1925.0999755859375
2022-02-25,164.85000610351562,297.30999755859375,269.9566650390625,91.58999633789062,1886.5
2022-02-28,165.1199951171875,298.7900085449219,290.1433410644531,95.72000122070312,1899.4000244140625
2022-03-01,163.1999969482422,294.95001220703125,288.1233215332031,103.41000366210938,1942.4000244140625
2022-03-02,166.55999755859375,300.19000244140625,293.2966613769531,110.5999984741211,1920.9000244140625
2022-03-03,166.22999572753906,295.9200134277344,279.7633361816406,107.66999816894531,1934.4000244140625
2022-03-04,163.1699981689453,289.8599853515625,279.42999267578125,115.68000030517578,1965.0999755859375
2022-03-07,159.3000030517578,278.9100036621094,268.1933288574219,119.4000015258789,1993.9000244140625
2022-03-08,157.44000244140625,275.8500061035156,274.79998779296875,123.69999694824219,2040.0999755859375
2022-03-09,162.9499969482422,288.5,286.3233337402344,108.69999694824219,1985.9000244140625
2022-03-10,158.52000427246094,285.5899963378906,279.4333190917969,106.0199966430664,1998.0999755859375
2022-03-11,154.72999572753906,280.07000732421875,265.1166687011719,109.33000183105469,1982.699951171875
2022-03-14,150.6199951171875,276.44000244140625,255.4566650390625,103.01000213623047,1959.5999755859375
2022-03-15,155.08999633789062,287.1499938964844,267.2966613769531,96.44000244140625,1928.5
2022-03-16,159.58999633789062,294.3900146484375,280.07666015625,95.04000091552734,1908.0
2022-03-17,160.6199951171875,295.2200012207031,290.5333251953125,102.9800033569336,1942.0999755859375
2022-03-18,163.97999572753906,300.42999267578125,301.7966613769531,104.69999694824219,1928.199951171875
2022-03-21,165.3800048828125,299.1600036621094,307.0533447265625,112.12000274658203,1928.5999755859375
2022-03-22,168.82000732421875,304.05999755859375,331.32666015625,111.76000213623047,1920.699951171875
2022-03-23,170.2100067138672,299.489990234375,333.03668212890625,114.93000030517578,1936.5999755859375
2022-03-24,174.07000732421875,304.1000061035156,337.97332763671875,112.33999633789062,1961.5999755859375
2022-03-25,174.72000122070312,303.67999267578125,336.8800048828125,113.9000015258789,1953.800048828125
2022-03-28,175.60000610351562,310.70001220703125,363.9466552734375,105.95999908447266,1939.5999755859375
2022-03-29,178.9600067138672,315.4100036621094,366.5233459472656,104.23999786376953,1912.0
2022-03-30,177.77000427246094,313.8599853515625,364.663330078125,107.81999969482422,1933.5
2022-03-31,174.61000061035156,308.30999755859375,359.20001220703125,100.27999877929688,1949.199951171875
2022-04-01,174.30999755859375,309.4200134277344,361.5299987792969,99.2699966430664,1919.0999755859375
2022-04-04,178.44000244140625,314.9700012207031,381.8166809082031,103.27999877929688,1929.199951171875
2022-04-05,175.05999755859375,310.8800048828125,363.7533264160156,101.95999908447266,1922.9000244140625
2022-04-06,171.8300018310547,299.5,348.586669921875,96.2300033569336,1918.4000244140625
2022-04-07,172.13999938964844,301.3699951171875,352.4200134277344,96.02999877929688,1933.800048828125
2022-04-08,170.08999633789062,296.9700012207031,341.8299865722656,98.26000213623047,1941.5999755859375
2022-04-11,165.75,285.260009765625,325.30999755859375,94.29000091552734,1944.300048828125
2022-04-12,167.66000366210938,282.05999755859375,328.98333740234375,100.5999984741211,1972.0999755859375
2022-04-13,170.39999389648438,287.6199951171875,340.7900085449219,104.25,1981.0
2022-04-14,165.2899932861328,279.8299865722656,328.3333435058594,106.94999694824219,1970.9000244140625
2022-04-18,165.07000732421875,280.5199890136719,334.7633361816406,108.20999908447266,1982.9000244140625
2022-04-19,167.39999389648438,285.29998779296875,342.7166748046875,102.55999755859375,1955.699951171875
2022-04-20,167.22999572753906,286.3599853515625,325.73333740234375,102.75,1952.300048828125
2022-04-21,166.4199981689453,280.80999755859375,336.260009765625,103.79000091552734,1944.9000244140625
2022-04-22,161.7899932861328,274.0299987792969,335.01666259765625,102.06999969482422,1931.0
2022-04-25,162.8800048828125,280.7200012207031,332.67333984375,98.54000091552734,1893.199951171875
2022-04-26,156.8000030517578,270.2200012207031,292.1400146484375,101.69999694824219,1901.4000244140625
2022-04-27,156.57000732421875,283.2200012207031,293.836669921875,102.0199966430664,1885.9000244140625
2022-04-28,163.63999938964844,289.6300048828125,292.5033264160156,105.36000061035156,1888.699951171875
2022-04-29,157.64999389648438,277.5199890136719,290.2533264160156,104.69000244140625,1909.300048828125
2022-05-02,157.9600067138672,284.4700012207031,300.9800109863281,105.16999816894531,1861.800048828125
2022-05-03,159.47999572753906,281.7799987792969,303.0833435058594,102.41000366210938,1868.800048828125
2022-05-04,166.02000427246094,289.9800109863281,317.5400085449219,107.80999755859375,1867.0
2022-05-05,156.77000427246094,277.3500061035156,291.09332275390625,108.26000213623047,1874.0
2022-05-06,157.27999877929688,274.7300109863281,288.54998779296875,109.7699966430664,1881.199951171875
2022-05-09,152.05999755859375,264.5799865722656,262.3699951171875,103.08999633789062,1857.0999755859375
2022-05-10,154.50999450683594,269.5,266.67999267578125,99.76000213623047,1839.9000244140625
2022-05-11,146.5,260.54998779296875,244.6666717529297,105.70999908447266,1852.5999755859375
2022-05-12,142.55999755859375,255.35000610351562,242.6666717529297,106.12999725341797,1823.800048828125
2022-05-13,147.11000061035156,261.1199951171875,256.5299987792969,110.48999786376953,1807.4000244140625
2022-05-16,145.5399932861328,261.5,241.4566650390625,114.19999694824219,1813.5
2022-05-17,149.24000549316406,266.82000732421875,253.8699951171875,112.4000015258789,1818.199951171875
2022-05-18,140.82000732421875,254.0800018310547,236.60333251953125,109.58999633789062,1815.9000244140625
2022-05-19,137.35000610351562,253.13999938964844,236.47332763671875,112.20999908447266,1841.199951171875
2022-05-20,137.58999633789062,252.55999755859375,221.3000030517578,113.2300033569336,1841.800048828125
2022-05-23,143.11000061035156,260.6499938964844,224.96665954589844,110.29000091552734,1847.800048828125
2022-05-24,140.36000061035156,259.6199951171875,209.3866729736328,109.7699966430664,1865.0999755859375
2022-05-25,140.52000427246094,262.5199890136719,219.60000610351562,110.33000183105469,1846.199951171875
2022-05-26,143.77999877929688,265.8999938964844,235.91000366210938,114.08999633789062,1847.4000244140625
2022-05-27,149.63999938964844,273.239990234375,253.2100067138672,115.06999969482422,1851.300048828125
2022-05-31,148.83999633789062,271.8699951171875,252.75332641601562,114.66999816894531,1842.699951171875
2022-06-01,148.7100067138672,272.4200134277344,246.7899932861328,115.26000213623047,1843.300048828125
2022-06-02,151.2100067138672,274.5799865722656,258.3333435058594,116.87000274658203,1866.5
2022-06-03,145.3800048828125,270.0199890136719,234.51666259765625,118.87000274658203,1845.4000244140625
2022-06-06,146.13999938964844,268.75,238.27999877929688,118.5,1839.199951171875
2022-06-07,148.7100067138672,272.5,238.8866729736328,119.41000366210938,1847.5
2022-06-08,147.9600067138672,270.4100036621094,241.86666870117188,122.11000061035156,1851.9000244140625
2022-06-09,142.63999938964844,264.7900085449219,239.7066650390625,121.51000213623047,1848.800048828125
2022-06-10,137.1300048828125,252.99000549316406,232.22999572753906,120.66999816894531,1871.5
2022-06-13,131.8800048828125,242.25999450683594,215.73666381835938,120.93000030517578,1828.0
2022-06-14,132.75999450683594,244.49000549316406,220.88999938964844,118.93000030517578,1809.5
2022-06-15,135.42999267578125,251.75999450683594,233.0,115.30999755859375,1815.300048828125
2022-06-16,130.05999755859375,244.97000122070312,213.10000610351562,117.58999633789062,1845.699951171875
2022-06-17,131.55999755859375,247.64999389648438,216.75999450683594,109.55999755859375,1835.5999755859375
2022-06-20,,,,110.2699966430664,
2022-06-21,135.8699951171875,253.74000549316406,237.0366668701172,110.6500015258789,1834.5999755859375
2022-06-22,135.35000610351562,253.1300048828125,236.086669921875,106.19000244140625,1834.300048828125
2022-06-23,138.27000427246094,258.8599853515625,235.07000732421875,104.2699966430664,1825.699951171875
2022-06-24,141.66000366210938,267.70001220703125,245.7066650390625,107.62000274658203,1826.5
2022-06-27,141.66000366210938,264.8900146484375,244.9199981689453,109.56999969482422,1820.9000244140625
2022-06-28,137.44000244140625,256.4800109863281,232.663330078125,111.76000213623047,1817.5
2022-06-29,139.22999572753906,260.260009765625,228.49000549316406,109.77999877929688,1813.699951171875
2022-06-30,136.72000122070312,256.8299865722656,224.47332763671875,105.76000213623047,1804.0999755859375
2022-07-01,138.92999267578125,259.5799865722656,227.26333618164062,108.43000030517578,1798.9000244140625
2022-07-05,141.55999755859375,262.8500061035156,233.06666564941406,99.5,1761.800048828125
2022-07-06,142.9199981689453,266.2099914550781,231.73333740234375,98.52999877929688,1734.9000244140625
2022-07-07,146.35000610351562,268.3999938964844,244.5433349609375,102.7300033569336,1737.9000244140625
2022-07-08,147.0399932861328,267.6600036621094,250.76333618164062,104.79000091552734,1740.5999755859375
2022-07-11,144.8699951171875,264.510009765625,234.3433380126953,104.08999633789062,1730.0
2022-07-12,145.86000061035156,253.6699981689453,233.07000732421875,95.83999633789062,1723.300048828125
2022-07-13,145.49000549316406,252.72000122070312,237.0399932861328,96.30000305175781,1734.199951171875
2022-07-14,148.47000122070312,254.0800018310547,238.31333923339844,95.77999877929688,1704.5
2022-07-15,150.1699981689453,256.7200012207031,240.06666564941406,97.58999633789062,1702.4000244140625
2022-07-18,147.07000732421875,254.25,240.54666137695312,102.5999984741211,1709.199951171875
2022-07-19,151.0,259.5299987792969,245.52999877929688,104.22000122070312,1710.0
2022-07-20,153.0399932861328,262.2699890136719,247.5,102.26000213623047,1699.5
2022-07-21,155.35000610351562,264.8399963378906,271.7066650390625,96.3499984741211,1712.699951171875
2022-07-22,154.08999633789062,260.3599853515625,272.24334716796875,94.69999694824219,1727.0999755859375
2022-07-25,152.9499969482422,258.8299865722656,268.4333190917969,96.69999694824219,1719.0
2022-07-26,151.60000610351562,251.89999389648438,258.8599853515625,94.9800033569336,1717.699951171875
2022-07-27,156.7899932861328,268.739990234375,274.82000732421875,97.26000213623047,1719.0999755859375
2022-07-28,157.35000610351562,276.4100036621094,280.8999938964844,96.41999816894531,1750.300048828125
2022-07-29,162.50999450683594,280.739990234375,297.1499938964844,98.62000274658203,1762.9000244140625
2022-08-01,161.50999450683594,278.010009765625,297.27667236328125,93.88999938964844,1769.0
2022-08-02,160.00999450683594,274.82000732421875,300.586669921875,94.41999816894531,1771.0999755859375
2022-08-03,166.1300048828125,282.4700012207031,307.39666748046875,90.66000366210938,1758.0
2022-08-04,165.80999755859375,283.6499938964844,308.6333312988281,88.54000091552734,1788.5
2022-08-05,165.35000610351562,282.9100036621094,288.1700134277344,89.01000213623047,1772.9000244140625
2022-08-08,164.8699951171875,280.32000732421875,290.42333984375,90.76000213623047,1786.800048828125
2022-08-09,164.9199981689453,282.29998779296875,283.3333435058594,90.5,1794.0
2022-08-10,169.24000549316406,289.1600036621094,294.3566589355469,91.93000030517578,1795.5999755859375
2022-08-11,168.49000549316406,287.0199890136719,286.6300048828125,94.33999633789062,1789.699951171875
2022-08-12,172.10000610351562,291.9100036621094,300.0299987792969,92.08999633789062,1798.5999755859375
2022-08-15,173.19000244140625,293.4700012207031,309.32000732421875,89.41000366210938,1781.4000244140625
2022-08-16,173.02999877929688,292.7099914550781,306.5633239746094,86.52999877929688,1773.199951171875
2022-08-17,174.5500030517578,291.32000732421875,303.9966735839844,88.11000061035156,1760.300048828125
2022-08-18,174.14999389648438,290.1700134277344,302.8699951171875,90.5,1755.300048828125
2022-08-19,171.52000427246094,286.1499938964844,296.6666564941406,90.7699966430664,1747.5999755859375
2022-08-22,167.57000732421875,277.75,289.913330078125,90.2300033569336,1734.0
2022-08-23,167.22999572753906,276.44000244140625,296.4533386230469,93.73999786376953,1746.800048828125
2022-08-24,167.52999877929688,275.7900085449219,297.0966796875,94.88999938964844,1747.800048828125
2022-08-25,170.02999877929688,278.8500061035156,296.07000732421875,92.5199966430664,1757.699951171875
2022-08-26,163.6199951171875,268.0899963378906,288.0899963378906,93.05999755859375,1736.0999755859375
2022-08-29,161.3800048828125,265.2300109863281,284.82000732421875,97.01000213623047,1736.5999755859375
2022-08-30,158.91000366210938,262.9700012207031,277.70001220703125,91.63999938964844,1723.199951171875
2022-08-31,157.22000122070312,261.4700012207031,275.6099853515625,89.55000305175781,1712.800048828125
2022-09-01,157.9600067138672,260.3999938964844,277.1600036621094,86.61000061035156,1696.5999755859375
2022-09-02,155.80999755859375,256.05999755859375,270.2099914550781,86.87000274658203,1709.800048828125
2022-09-06,154.52999877929688,253.25,274.4200134277344,86.87999725341797,1700.4000244140625
2022-09-07,155.9600067138672,258.0899963378906,283.70001220703125,81.94000244140625,1715.300048828125
2022-09-08,154.4600067138672,258.5199890136719,289.260009765625,83.54000091552734,1708.0
2022-09-09,157.3699951171875,264.4599914550781,299.67999267578125,86.79000091552734,1716.199951171875
2022-09-12,163.42999267578125,266.6499938964844,304.4200134277344,87.77999877929688,1728.0999755859375
2022-09-13,153.83999633789062,251.99000549316406,292.1300048828125,87.30999755859375,1705.0
2022-09-14,155.30999755859375,252.22000122070312,302.6099853515625,88.4800033569336,1696.5
2022-09-15,152.3699951171875,245.3800048828125,303.75,85.0999984741211,1665.4000244140625
2022-09-16,150.6999969482422,244.74000549316406,303.3500061035156,85.11000061035156,1671.699951171875
2022-09-19,154.47999572753906,244.52000427246094,309.07000732421875,85.7300033569336,1666.199951171875
2022-09-20,156.89999389648438,242.4499969482422,308.7300109863281,84.44999694824219,1659.699951171875
2022-09-21,153.72000122070312,238.9499969482422,300.79998779296875,82.94000244140625,1664.5999755859375
2022-09-22,152.74000549316406,240.97999572753906,288.5899963378906,83.48999786376953,1670.800048828125
2022-09-23,150.42999267578125,237.9199981689453,275.3299865722656,78.73999786376953,1645.300048828125
2022-09-26,150.77000427246094,237.4499969482422,276.010009765625,76.70999908447266,1623.300048828125
2022-09-27,151.75999450683594,236.41000366210938,282.94000244140625,78.5,1626.699951171875
2022-09-28,149.83999633789062,241.07000732421875,287.80999755859375,82.1500015258789,1660.4000244140625
2022-09-29,142.47999572753906,237.5,268.2099914550781,81.2300033569336,1658.5
2022-09-30,138.1999969482422,232.89999389648438,265.25,79.48999786376953,1662.4000244140625
2022-10-03,142.4499969482422,240.74000549316406,242.39999389648438,83.62999725341797,1692.9000244140625
2022-10-04,146.10000610351562,248.8800048828125,249.44000244140625,86.5199966430664,1721.0999755859375
2022-10-05,146.39999389648438,249.1999969482422,240.80999755859375,87.76000213623047,1711.4000244140625
2022-10-06,145.42999267578125,246.7899932861328,238.1300048828125,88.44999694824219,1711.699951171875
2022-10-07,140.08999633789062,234.24000549316406,223.07000732421875,92.63999938964844,1700.5
2022-10-10,,,,92.30000305175781,1684.699951171875
