,AAPL,MSFT,TSLA,CL=F,GC=F
0,102223600.0,22483800.0,65283000.0,510313,68.0
1,118071600.0,26061400.0,67822500.0,673859,42.0
2,89738400.0,21912000.0,149194500.0,654363,2.0
3,94640000.0,23407100.0,68868000.0,563036,1.0
4,82271200.0,22113000.0,147891000.0,616474,41.0
5,86336000.0,19484300.0,107199000.0,844720,16.0
6,95839600.0,18652200.0,64648500.0,697844,70.0
7,74670800.0,17808900.0,99682500.0,876642,9.0
8,101672400.0,24271500.0,72376500.0,678727,14.0
9,118263600.0,36599700.0,97114500.0,867771,13.0
10,137547200.0,25621200.0,106552500.0,444384,27.0
11,124773600.0,24159700.0,85287000.0,204504,211.0
12,129700400.0,36875000.0,73324500.0,142711,50.0
13,108434400.0,23601600.0,93156000.0,625662,162.0
14,130756400.0,23412800.0,81981000.0,662456,47.0
15,204420400.0,33277500.0,79312500.0,887018,18.0
16,166116000.0,26383200.0,101104500.0,771758,4.0
17,156572000.0,29172200.0,68091000.0,678186,280546.0
18,202561600.0,31569900.0,71206500.0,656168,
19,184192800.0,38635100.0,70765500.0,688380,52100.0
20,129915600.0,48756300.0,93211500.0,613258,4881.0
21,188923200.0,47227900.0,62965500.0,685750,1680.0
22,346375200.0,47867800.0,55572000.0,857572,2841.0
23,290954000.0,51031500.0,66961500.0,891063,641.0
24,272975200.0,67998600.0,76326000.0,797814,529.0
25,206434400.0,41107600.0,104538000.0,1029408,491.0
26,217562000.0,55628700.0,154719000.0,929578,459.0
27,282690400.0,63499100.0,194005500.0,933307,451.0
28,243278000.0,35720300.0,93417000.0,736917,140.0
29,130196800.0,26407700.0,68403000.0,580600,71.0
30,162579600.0,34960900.0,59260500.0,650324,400.0
31,204588800.0,27823900.0,88693500.0,340401,111.0
32,160704400.0,30596900.0,84639000.0,181179,110.0
33,135722000.0,30911700.0,60141000.0,794481,283.0
34,149886400.0,26922500.0,48294000.0,466924,119.0
35,123967600.0,24392800.0,104547000.0,592603,70.0
36,135249600.0,26329200.0,87261000.0,460597,427.0
37,152648800.0,30199800.0,65100000.0,469853,652.0
38,155712400.0,25869100.0,71961000.0,562670,710.0
39,151128400.0,31167300.0,91045500.0,768409,58.0
40,195208000.0,37135600.0,103284000.0,812505,43.0
41,153816000.0,32830400.0,76392000.0,613514,155.0
42,113605600.0,23901600.0,57357000.0,599266,18.0
43,95154000.0,22175800.0,64285500.0,634953,18.0
44,126814000.0,26716100.0,75109500.0,879119,27.0
45,95096400.0,25887800.0,53493000.0,720510,62.0
46,128740800.0,36937300.0,82602000.0,659722,88.0
47,128828400.0,26073700.0,123960000.0,537990,0.0
48,126774000.0,35387800.0,89487000.0,747738,13.0
49,117473600.0,32132000.0,119511000.0,665017,19.0
50,90975200.0,27611000.0,98472000.0,430201,0.0
51,157618800.0,49081300.0,91759500.0,202493,34.0
52,133787200.0,33344100.0,112264500.0,115962,6.0
53,78597600.0,23075200.0,71464500.0,717709,4.0
54,148219600.0,24457100.0,89376000.0,763768,34.0
55,165963200.0,38604700.0,74097000.0,689172,0.0
56,164115200.0,44068900.0,99823500.0,752994,8.0
57,150164800.0,56396800.0,125628000.0,585899,10.0
58,163690400.0,56569000.0,208080000.0,670811,290889.0
59,166674000.0,52501100.0,315021000.0,697678,59284.0
60,153594000.0,45867500.0,227560500.0,562819,5585.0
61,150347200.0,48515400.0,241710000.0,582742,649.0
62,121112000.0,37213800.0,282666000.0,527289,702.0
63,138422000.0,35560000.0,298450500.0,760596,718.0
64,107732800.0,29771900.0,286816500.0,588597,258.0
65,140021200.0,38026000.0,202804500.0,753262,348.0
66,116070800.0,31533900.0,153747000.0,655831,290.0
67,113634400.0,26812000.0,164847000.0,840280,105.0
68,89726400.0,24872100.0,112243500.0,963017,118.0
69,91557200.0,26758900.0,114132000.0,687468,34.0
70,100497200.0,23346100.0,109908000.0,624203,67.0
71,86313600.0,20288100.0,95077500.0,560076,60.0
72,106421600.0,26771000.0,105000000.0,486076,409.0
73,83018000.0,21043300.0,98365500.0,221664,45.0
74,139235200.0,23552500.0,91359000.0,125993,387.0
75,261964400.0,31154400.0,84418500.0,724906,310.0
76,146062000.0,22331800.0,73401000.0,740941,68.0
77,134768000.0,34524800.0,85279500.0,832296,28.0
78,113528400.0,33729300.0,60204000.0,764049,278.0
79,111852000.0,42529000.0,65340000.0,660549,569.0
80,142623200.0,48272800.0,65469000.0,542549,622.0
81,169709600.0,41523600.0,63423000.0,755186,49.0
82,214277600.0,31408900.0,69384000.0,694771,28.0
83,266157600.0,27471000.0,134556000.0,789367,23.0
84,136272800.0,31142500.0,260281500.0,691219,4.0
85,224805200.0,22531300.0,128541000.0,690876,0.0
86,169805600.0,24242000.0,130173000.0,758916,4.0
87,113611200.0,23484600.0,88950000.0,1253566,337.0
88,92844800.0,27327400.0,85911000.0,863386,70.0
89,111957200.0,22388100.0,84774000.0,749808,8.0
90,104848800.0,16778300.0,70194000.0,634145,3.0
91,83115200.0,19454100.0,109302000.0,592826,4.0
92,94780800.0,24594000.0,142788000.0,815289,8.0
93,76732400.0,17384700.0,85110000.0,574279,26.0
94,69176000.0,17246700.0,66309000.0,562639,2.0
95,73190800.0,17865800.0,108778500.0,211785,2.0
96,73603200.0,19422500.0,137739000.0,119892,52.0
97,60962800.0,15441200.0,134187000.0,723458,50.0
98,80233600.0,21251200.0,89776500.0,702791,10.0
99,92936000.0,26649300.0,62650500.0,640725,0.0
100,69844000.0,18363900.0,58126500.0,955354,1.0
101,90056400.0,28671000.0,84999000.0,1059750,386334.0
102,74762000.0,22158500.0,112345500.0,726886,50845.0
103,109931200.0,34140900.0,88795500.0,917563,4082.0
104,93770000.0,28655600.0,81366000.0,781103,663.0
105,105064800.0,27281600.0,71967000.0,696050,144.0
106,86264000.0,23514400.0,89928000.0,714674,357.0
107,83734400.0,21122900.0,281509500.0,708829,373.0
108,85388800.0,28232200.0,215179500.0,675041,79.0
109,106627200.0,22165100.0,123078000.0,571224,650.0
110,73234000.0,23490900.0,197752500.0,558281,71.0
111,67644400.0,18325200.0,335211000.0,524411,153.0
112,86553600.0,29492900.0,142047000.0,626398,135.0
113,86440400.0,25691800.0,164715000.0,460168,42.0
114,246876800.0,65738600.0,162724500.0,512591,589.0
115,73939600.0,23586000.0,181098000.0,218933,35.0
116,134314000.0,28653100.0,191428500.0,122646,34.0
117,82514800.0,26180800.0,125755500.0,801625,7.0
118,102847600.0,23198200.0,119506500.0,760719,46.0
119,108801600.0,38923100.0,153991500.0,1136232,74.0
120,126652400.0,35433300.0,103969500.0,816207,37.0
121,98276800.0,26897200.0,111787500.0,848537,89.0
122,101141200.0,31298400.0,125005500.0,775155,1162.0
123,69460800.0,26650700.0,125970000.0,717347,378.0
124,90950800.0,28053200.0,97386000.0,602399,48.0
125,70925200.0,19564500.0,281397000.0,652167,29.0
126,55819200.0,14670300.0,184239000.0,667235,36.0
127,66416800.0,18977400.0,262146000.0,841632,9.0
128,69940800.0,19234600.0,132982500.0,611419,7.0
129,79026400.0,18212000.0,113952000.0,533003,37.0
130,63756400.0,19293100.0,142072500.0,586829,65.0
131,75326000.0,19644600.0,73261500.0,861726,30.0
132,72164400.0,24335900.0,85818000.0,707887,7.0
133,50055600.0,24635200.0,88047000.0,530277,2.0
134,60172400.0,21786900.0,117280500.0,530480,2.0
135,62138000.0,25901700.0,104943000.0,440727,0.0
136,65573600.0,29493900.0,84363000.0,187313,67.0
137,81147200.0,40171600.0,88729500.0,103220,33.0
138,82704800.0,56004000.0,77433000.0,500967,0.0
139,63957600.0,29707000.0,164893500.0,555915,1.0
140,74791600.0,26316600.0,143862000.0,524591,0.0
141,66839600.0,30702100.0,106131000.0,622913,0.0
142,76304000.0,31372100.0,69457500.0,489059,1.0
143,96096000.0,37005300.0,85549500.0,460450,254428.0
144,84118000.0,34668300.0,102211500.0,463011,62239.0
145,157492000.0,27655200.0,76153500.0,519070,2722.0
146,271742800.0,23628700.0,151941000.0,576561,1026.0
147,249616000.0,26104300.0,348225000.0,531071,411.0
148,133789600.0,18659600.0,204847500.0,476615,784.0
149,101701600.0,20265900.0,128464500.0,495605,297.0
150,102349600.0,16080200.0,463137000.0,485027,715.0
151,90102000.0,15487500.0,368568000.0,760313,209.0
152,93970400.0,13677200.0,257757000.0,509401,44.0
153,98444800.0,18183700.0,173280000.0,524490,75.0
154,103563600.0,18472500.0,156958500.0,578219,78.0
155,82992000.0,16788300.0,104796000.0,538484,92.0
156,115230400.0,29982800.0,136519500.0,573473,71.0
157,114001600.0,21384300.0,90960000.0,383380,123.0
158,141708000.0,18061500.0,284379000.0,171403,66.0
159,121150800.0,17914200.0,261034500.0,112709,68.0
160,104639200.0,22881900.0,197583000.0,437164,22.0
161,76072400.0,18000600.0,89190000.0,581899,17.0
162,75532800.0,18167700.0,77209500.0,450690,95.0
163,73905600.0,17234000.0,54039000.0,517796,12.0
164,82100400.0,19662300.0,196189500.0,332612,154.0
165,91107200.0,19151500.0,114736500.0,426833,136.0
166,109019200.0,20818000.0,111711000.0,497095,817.0
167,195175200.0,22798700.0,108250500.0,445584,493.0
168,173360400.0,23222700.0,80626500.0,419739,191.0
169,109560400.0,22634600.0,125257500.0,785981,26.0
170,133332000.0,32872400.0,115812000.0,542104,21.0
171,137160000.0,23477600.0,112212000.0,633824,7.0
172,150479200.0,22498600.0,337378500.0,530895,29.0
173,158066000.0,20727900.0,214252500.0,571174,11.0
174,142996000.0,24301800.0,137550000.0,676869,21.0
175,197114800.0,18891100.0,150231000.0,800543,37.0
176,166825600.0,26055600.0,95104500.0,684937,22.0
177,127997200.0,19122300.0,101484000.0,611075,1.0
178,148780400.0,20736500.0,103314000.0,422294,0.0
179,126286800.0,22170900.0,248212500.0,234202,2.0
180,108495200.0,21728400.0,124423500.0,125208,0.0
181,106435200.0,23714500.0,110241000.0,607520,0.0
182,384986800.0,71229700.0,75757500.0,855943,0.0
183,110773600.0,27334500.0,72645000.0,576894,0.0
184,98217600.0,22668000.0,67225500.0,551280,21.0
185,95938800.0,19352000.0,117648000.0,464463,17857.0
186,120724800.0,19091300.0,127636500.0,454549,4947.0
187,91717600.0,21647800.0,504745500.0,544047,404.0
188,94403200.0,18883100.0,326664000.0,601451,180.0
189,99152800.0,20787200.0,176152500.0,463615,451.0
190,114619200.0,16648000.0,119925000.0,698817,76.0
191,128168000.0,34821700.0,147213000.0,687949,496.0
192,134322000.0,29068900.0,269167500.0,613218,34.0
193,118655600.0,29640600.0,202090500.0,554938,250.0
194,107564000.0,26198600.0,180909000.0,623537,9.0
195,167962400.0,61376300.0,192229500.0,652737,1078.0
196,212497600.0,63904300.0,122515500.0,783962,126.0
197,161351600.0,47742100.0,108021000.0,626668,122.0
198,123164000.0,32068100.0,93000000.0,568610,136.0
199,116736000.0,31610200.0,142896000.0,535003,426.0
200,91541600.0,26548200.0,129832500.0,651584,1.0
201,130325200.0,32506200.0,81318000.0,215337,165.0
202,132314800.0,32785500.0,140632500.0,108311,55.0
203,115168400.0,26545600.0,84004500.0,513770,18.0
204,155071200.0,43770400.0,285417000.0,853265,33.0
205,163702000.0,63897800.0,300874500.0,775963,36.0
206,119423200.0,61646800.0,312610500.0,573096,7.0
207,189033600.0,55523100.0,411382500.0,595211,20.0
208,183742000.0,55162000.0,217290000.0,477487,214.0
209,146640000.0,65350900.0,136900500.0,680441,72.0
210,153435600.0,51062400.0,114364500.0,666487,121.0
211,233292800.0,33384200.0,120001500.0,790286,14.0
212,365314800.0,37680200.0,117120000.0,708906,18.0
213,264654800.0,27922100.0,117465000.0,609129,15.0
214,127531600.0,24340200.0,101443500.0,761240,4.0
215,133697600.0,37901700.0,110617500.0,866628,1.0
216,101450400.0,25644100.0,106360500.0,764546,2.0
217,137463200.0,32039200.0,76482000.0,821729,14.0
218,204542000.0,33621800.0,104122500.0,806219,1.0
219,187531600.0,35374600.0,81729000.0,1095643,5.0
220,243204000.0,39495100.0,75604500.0,844696,0.0
221,185915200.0,38505200.0,69385500.0,256499,0.0
222,147713200.0,33502100.0,108093000.0,159001,5.0
223,167701200.0,44773900.0,145633500.0,699684,0.0
224,271300800.0,64052500.0,120070500.0,983120,12.0
225,124496800.0,28130600.0,70302000.0,734277,0.0
226,94496000.0,13823100.0,63039000.0,1014667,1.0
227,179994000.0,32336200.0,119881500.0,663108,2.0
228,165549600.0,29124500.0,95374500.0,764010,5.0
229,184250000.0,46788500.0,61914000.0,831688,247168.0
230,167080000.0,28123200.0,46210500.0,812721,55478.0
231,158126000.0,33665600.0,84436500.0,796714,2060.0
232,163210000.0,34732800.0,124597500.0,758010,751.0
233,165377200.0,45197000.0,126928500.0,738130,474.0
234,172393600.0,49107400.0,117637500.0,987266,434.0
235,169126400.0,45044900.0,172668000.0,987717,211.0
236,248104000.0,40801500.0,99202500.0,733225,131.0
237,189126800.0,42381900.0,94632000.0,665262,117.0
238,142510800.0,36183000.0,75405000.0,730810,84.0
239,127594400.0,31333400.0,110488500.0,733627,194.0
240,162814800.0,47043100.0,95064000.0,526839,33.0
241,177151600.0,56957300.0,115110000.0,211257,10.0
242,135366000.0,49319200.0,106500000.0,120101,31.0
243,196189200.0,68198200.0,124113000.0,817721,268.0
244,259092000.0,70334200.0,136078500.0,794130,49.0
245,382978400.0,111242100.0,120252000.0,694003,96.0
246,148676800.0,43935200.0,83398500.0,415859,27.0
247,234330000.0,51634800.0,122446500.0,698408,63.0
248,212468400.0,49498500.0,128626500.0,665590,480.0
249,169165600.0,38196300.0,149085000.0,564385,805.0
250,140014000.0,33173800.0,94534500.0,476970,19.0
251,148158800.0,35329300.0,174879000.0,850480,149.0
252,365248800.0,42579100.0,104478000.0,788718,10.0
253,234428400.0,44060600.0,110911500.0,817277,34.0
254,219111200.0,35656100.0,113268000.0,819939,2.0
255,164101200.0,31514400.0,105127500.0,765981,54.0
256,180396400.0,32280800.0,81493500.0,891922,102.0
257,143122800.0,30067600.0,90846000.0,821782,0.0
258,108092800.0,28314200.0,75586500.0,812339,11.0
259,129756800.0,28437100.0,78709500.0,791527,7.0
260,114843600.0,31587600.0,90849000.0,664183,3.0
261,122278800.0,29853900.0,70375500.0,694182,2.0
262,119284800.0,28393000.0,55150500.0,288560,10.0
263,135004000.0,37427600.0,362262000.0,193099,3.0
264,121576000.0,32371300.0,181000500.0,951158,7.0
265,92522400.0,25874300.0,187950000.0,702866,14.0
266,101766000.0,23164800.0,120183000.0,714415,1.0
267,134142000.0,31225600.0,108744000.0,593385,0.0
268,104768400.0,29476700.0,96349500.0,650667,54.0
269,166348800.0,31490500.0,69325500.0,660527,213607.0
270,244439200.0,49471900.0,168754500.0,731312,54958.0
271,162958400.0,55636400.0,188538000.0,718650,1970.0
272,130672400.0,35535700.0,109251000.0,689566,878.0
273,125982000.0,31315100.0,110281500.0,622472,675.0
274,144406400.0,27325400.0,101142000.0,609756,362.0
275,112958400.0,20609800.0,75577500.0,606720,358.0
276,126966800.0,29760700.0,97809000.0,749010,203.0
277,95280000.0,21461100.0,87663000.0,621003,122.0
278,83973600.0,18914100.0,106945500.0,750242,119.0
279,89134000.0,25056600.0,82764000.0,708312,109.0
280,89960800.0,18394900.0,77124000.0,706552,143.0
281,87342800.0,21784700.0,78012000.0,623546,858.0
282,98507200.0,26606900.0,58573500.0,276907,190.0
283,75891200.0,18038500.0,62526000.0,153728,390.0
284,104457600.0,21607700.0,107131500.0,685111,581.0
285,68998800.0,29063200.0,133638000.0,546202,414.0
286,75652800.0,27763200.0,86109000.0,513439,718.0
287,87493600.0,23750600.0,99397500.0,723012,185.0
288,68280800.0,21536700.0,128737500.0,538919,939.0
289,111341600.0,21487100.0,167758500.0,577227,604.0
290,112861600.0,29083900.0,157810500.0,496678,141.0
291,103544800.0,23501200.0,343671000.0,684186,110.0
292,109744800.0,26608000.0,256452000.0,549396,28.0
293,78949600.0,19538300.0,281470500.0,538399,114.0
294,83241600.0,17687000.0,155032500.0,637677,14.0
295,99185600.0,25339000.0,141637500.0,628824,11.0
296,95997600.0,22818400.0,132294000.0,747358,10.0
297,128044000.0,26491600.0,110884500.0,597156,9.0
298,129870400.0,26132700.0,112561500.0,652798,1.0
299,124130000.0,35513800.0,102670500.0,610616,0.0
300,94318000.0,30763400.0,106551000.0,567604,1.0
301,156171600.0,54681100.0,221782500.0,507393,26.0
302,104879200.0,31207600.0,154215000.0,157241,8.0
303,126585600.0,37588700.0,177009000.0,114822,20.0
304,124140800.0,28113300.0,103623000.0,786342,2.0
305,204136800.0,29854400.0,89206500.0,655380,0.0
306,169630800.0,33624500.0,131184000.0,738840,0.0
307,175381200.0,27067100.0,153225000.0,705399,19.0
308,199202000.0,26097700.0,110263500.0,685988,1.0
309,119393600.0,22733400.0,131688000.0,732150,206263.0
310,83121600.0,18334800.0,101611500.0,712209,87798.0
311,94256000.0,25399800.0,89869500.0,705559,1265.0
312,111448000.0,22789100.0,121656000.0,670808,675.0
313,91062800.0,18142300.0,82183500.0,793227,525.0
314,93087200.0,22860700.0,118791000.0,799672,172.0
315,76457200.0,20112800.0,355810500.0,684973,269.0
316,74106400.0,15826200.0,195574500.0,686862,181.0
317,103526800.0,15116200.0,156156000.0,895767,63.0
318,143072800.0,17612000.0,88560000.0,790677,30.0
319,86781200.0,16477200.0,105919500.0,722216,66.0
320,83603200.0,14209100.0,147538500.0,760504,420.0
321,111042800.0,19745100.0,101190000.0,625588,607.0
322,70146400.0,15792600.0,150579000.0,555858,523.0
323,102785600.0,14071800.0,109093500.0,547469,643.0
324,115627200.0,19300900.0,76897500.0,235376,308.0
325,96783200.0,27991000.0,88144500.0,148238,27.0
326,77758000.0,15648700.0,182206500.0,763527,147.0
327,93292000.0,24025500.0,164158500.0,700598,206.0
328,70162400.0,31257000.0,160912500.0,678386,518.0
329,74172800.0,38033900.0,327741000.0,603001,95.0
330,74596400.0,23654900.0,335410500.0,1000836,804.0
331,88818800.0,16324200.0,250717500.0,654076,568.0
332,186139600.0,24166500.0,141969000.0,750494,114.0
333,259309200.0,26821700.0,160566000.0,676872,70.0
334,127985200.0,27350200.0,272389500.0,914661,63.0
335,83569600.0,24911100.0,355602000.0,646866,15.0
336,129772400.0,24239800.0,162508500.0,768810,12.0
337,155054800.0,36017700.0,151971000.0,842810,8.0
338,105358000.0,28419000.0,92646000.0,791769,5.0
339,139634400.0,27235800.0,100671000.0,769583,38.0
340,164834800.0,30915100.0,105124500.0,786494,6.0
341,229722400.0,33944900.0,162522000.0,1003106,56.0
342,146118800.0,25266300.0,108786000.0,751668,6.0
343,106178800.0,24722700.0,109440000.0,723001,55.0
344,132125600.0,30112200.0,112249500.0,545679,3.0
345,131516400.0,25770500.0,266800500.0,215802,1.0
346,154449200.0,23706900.0,307893000.0,131888,20.0
347,113459200.0,15293300.0,270058500.0,641680,0.0
348,118994400.0,15396500.0,280278000.0,766728,0.0
349,146118800.0,23603800.0,398206500.0,1108052,0.0
350,94858800.0,14123400.0,212049000.0,758099,9.0
351,111792800.0,23128400.0,154693500.0,1020323,0.0
352,113924800.0,22763100.0,179529000.0,1124959,189694.0
353,84873600.0,16829600.0,118897500.0,842281,55573.0
354,108174400.0,26646800.0,156100500.0,1031488,2814.0
355,161584400.0,37983600.0,195966000.0,984308,812.0
356,123872000.0,29382600.0,207112500.0,831625,302.0
357,119093600.0,24926100.0,202662000.0,943186,622.0
358,90105200.0,21459000.0,303633000.0,790067,161.0
359,122737600.0,33885600.0,240052500.0,828133,240.0
360,104883600.0,26477100.0,158775000.0,687146,268.0
361,107731600.0,23913700.0,174802500.0,642940,201.0
362,73012800.0,17092500.0,227962500.0,786105,139.0
363,86698400.0,17200800.0,122524500.0,945024,157.0
364,75046000.0,17821700.0,111501000.0,574229,914.0
365,58676400.0,14517800.0,184752000.0,397868,76.0
366,106204000.0,25934500.0,190737000.0,181640,29.0
367,84496800.0,23744400.0,98626500.0,122838,129.0
368,86056000.0,33042600.0,177952500.0,854514,76.0
369,191202400.0,36727900.0,123031500.0,676047,35.0
370,72881600.0,20628800.0,86262000.0,597164,125.0
371,84281200.0,33327400.0,92731500.0,673140,105.0
372,104270000.0,23657700.0,127608000.0,686817,1333.0
373,83598800.0,16557500.0,95095500.0,531405,437.0
374,124442400.0,30043000.0,102771000.0,556101,356.0
375,109012000.0,22613500.0,123201000.0,674887,214.0
376,67740800.0,15237800.0,138885000.0,878938,38.0
377,45448000.0,13629300.0,213016500.0,600131,46.0
378,69062000.0,18141100.0,105985500.0,698015,20.0
379,101354400.0,16779700.0,88207500.0,540861,14.0
380,82312000.0,19953100.0,92862000.0,551872,53.0
381,71588400.0,24204400.0,137185500.0,690656,50.0
382,80767200.0,22327900.0,112716000.0,573019,6.0
383,70380800.0,18936800.0,138007500.0,469029,8.0
384,67789600.0,16651500.0,165001500.0,566818,25.0
385,67467200.0,22726100.0,122235000.0,712540,13.0
386,56430000.0,20211000.0,146470500.0,504432,6.0
387,74162400.0,30381800.0,71379000.0,215361,66.0
388,83717200.0,48992400.0,105726000.0,105217,22.0
389,89111600.0,25074900.0,102636000.0,619483,1.0
390,73420800.0,18034600.0,75346500.0,521876,5.0
391,59966400.0,20738300.0,166092000.0,745248,20.0
392,55638400.0,18356900.0,336274500.0,559282,4.0
393,70475600.0,19037600.0,150415500.0,476785,5.0
394,86693600.0,16605900.0,139099500.0,529742,224267.0
395,135742800.0,16846500.0,121635000.0,547401,73874.0
396,277125600.0,38598800.0,137673000.0,614001,3294.0
397,216071600.0,40557500.0,123892500.0,886748,2431.0
398,163448400.0,30791600.0,92047500.0,739810,1873.0
399,209572000.0,42749600.0,105424500.0,823844,1008.0
400,143299200.0,32696700.0,83463000.0,682794,460.0
401,133457600.0,33414500.0,71647500.0,1063214,824.0
402,108038000.0,27496500.0,79114500.0,724762,367.0
403,98478800.0,23466700.0,58473000.0,726386,74.0
404,89927600.0,20484300.0,69958500.0,611027,257.0
405,188874000.0,25154600.0,72721500.0,783486,672.0
406,146189600.0,32527300.0,143439000.0,718293,328.0
407,108909600.0,28074400.0,122394000.0,527866,87.0
408,110481600.0,24449100.0,76477500.0,168345,1815.0
409,97654400.0,24355700.0,79644000.0,113571,205.0
410,107537200.0,21170800.0,61878000.0,659258,486.0
411,86141600.0,14970300.0,116914500.0,704035,350.0
412,89014800.0,18697000.0,98385000.0,621573,686.0
413,187272000.0,38508600.0,128079000.0,807151,983.0
414,104174400.0,20312600.0,75778500.0,679022,334.0
415,103493200.0,23102100.0,81243000.0,596624,166.0
416,63755200.0,17393300.0,48382500.0,674048,2756.0
417,83962000.0,20168700.0,77692500.0,630760,704.0
418,84573600.0,23940100.0,139809000.0,708268,276.0
419,80092000.0,18869300.0,80311500.0,970804,139.0
420,76752400.0,17995900.0,86415000.0,682298,46.0
421,95654800.0,26101800.0,110929500.0,712466,125.0
422,77449200.0,20824500.0,62841000.0,714294,54.0
423,109237600.0,25773900.0,72040500.0,646993,69.0
424,127111600.0,28903400.0,73255500.0,755472,23.0
425,177158400.0,24726100.0,150642000.0,858772,8.0
426,128906800.0,27010000.0,128718000.0,845977,27.0
427,159053200.0,23363100.0,79696500.0,599470,1.0
428,84632400.0,16731400.0,70921500.0,1404916,21.0
429,73274800.0,17814200.0,57981000.0,993237,3.0
430,101360000.0,23982100.0,62553000.0,216961,8.0
431,88242400.0,35772100.0,71937000.0,112327,10.0
432,221652400.0,39167300.0,95295000.0,576019,2.0
433,76662000.0,17139300.0,65103000.0,526785,5.0
434,124763200.0,29773200.0,193372500.0,591529,25.0
435,87613600.0,21382000.0,141406500.0,563550,25.0
436,75334000.0,17456600.0,178267500.0,599653,8178.0
437,101408000.0,22477700.0,166746000.0,712966,7827.0
438,103909600.0,17280900.0,88197000.0,532522,1078.0
439,139223200.0,21466600.0,92439000.0,589176,219.0
440,138449200.0,30521700.0,84471000.0,590306,205.0
441,114426000.0,24132900.0,226267500.0,642466,1213.0
442,138478800.0,22897700.0,119925000.0,541104,233.0
443,122306000.0,15303700.0,120963000.0,549019,121.0
444,111820000.0,25550500.0,130173000.0,658324,46.0
445,74770400.0,19749900.0,103416000.0,632666,120.0
446,113013600.0,17654600.0,94249500.0,613944,78.0
447,166795600.0,25446000.0,127131000.0,467643,57.0
448,96427600.0,13304300.0,153075000.0,467643,400.0
449,87360000.0,19695700.0,96492000.0,511249,367.0
450,73903200.0,20751600.0,100261500.0,451643,383.0
451,67585200.0,21460600.0,71539500.0,418422,271.0
452,97433600.0,32273500.0,86247000.0,174477,82.0
453,87247200.0,20078200.0,75304500.0,95979,72.0
454,82293600.0,27431000.0,69012000.0,506573,99.0
455,75828800.0,29844600.0,78916500.0,620202,67.0
456,69275200.0,37029300.0,445813500.0,480764,115.0
457,73477200.0,25959700.0,450091500.0,445020,93.0
458,96572800.0,35280100.0,283054500.0,437020,37.0
459,142839600.0,20589500.0,190264500.0,521457,425.0
460,124522000.0,18496600.0,144627000.0,659328,320.0
461,139162000.0,24605100.0,76005000.0,677419,210.0
462,151125200.0,33128400.0,95758500.0,538117,235.0
463,103272000.0,16912000.0,131805000.0,580350,101.0
464,79897600.0,18250200.0,104151000.0,435319,31.0
465,75864400.0,16575800.0,119113500.0,623258,567.0
466,94940400.0,17786700.0,217009500.0,678165,581.0
467,69986400.0,16732700.0,91038000.0,636941,21.0
468,81821200.0,14362600.0,149800500.0,498981,22.0
469,87388800.0,18641600.0,110391000.0,586568,6.0
470,102734400.0,16919200.0,126301500.0,547635,56.0
471,89182800.0,19729800.0,96973500.0,516832,83.0
472,100206400.0,23485700.0,72135000.0,375993,13.0
473,86703200.0,21534000.0,66006000.0,159328,141.0
474,76167200.0,23935700.0,115872000.0,121214,18.0
475,106234400.0,25696800.0,100876500.0,674891,31.0
476,121395200.0,18576100.0,91650000.0,593533,16.0
477,65325200.0,15901800.0,253059000.0,508244,19.0
478,84020400.0,22420900.0,185092500.0,420642,14.0
479,105207600.0,24620100.0,119211000.0,443816,346362.0
480,65235600.0,15184400.0,83334000.0,454256,88364.0
481,46617600.0,11977300.0,36984000.0,718724,7020.0
482,94487200.0,27418400.0,91117500.0,616423,2172.0
483,114430400.0,24066000.0,98605500.0,560554,1460.0
484,67181600.0,17574700.0,82995000.0,760541,613.0
485,74424400.0,17869100.0,55869000.0,649461,907.0
486,106075600.0,16403500.0,114186000.0,679609,899.0
487,128042400.0,16687400.0,135346500.0,511561,1461.0
488,90420400.0,16476100.0,132424500.0,566822,367.0
489,78756800.0,18856600.0,103467000.0,589650,393.0
490,137310400.0,24612100.0,116458500.0,530851,955.0
491,133587600.0,23845400.0,98563500.0,512288,468.0
492,128186000.0,24144200.0,272613000.0,347395,99.0
493,114158400.0,25425600.0,127452000.0,163744,410.0
494,116028400.0,24129200.0,211815000.0,131071,250.0
495,98369200.0,24958900.0,271606500.0,426341,319.0
496,275978000.0,53477500.0,221290500.0,552517,118.0
497,98572000.0,17718200.0,199794000.0,314711,391.0
498,48478800.0,8989200.0,120820500.0,204535,52.0
499,93121200.0,14520600.0,159508500.0,265091,126.0
500,146266000.0,18412800.0,149185500.0,351899,839.0
501,144114400.0,16348400.0,188796000.0,427149,446.0
502,100805600.0,18369400.0,154285500.0,494535,301.0
503,135480400.0,22622100.0,142981500.0,486873,214.0
504,146322800.0,21116200.0,266677500.0,885861,107.0
505,118387200.0,20813700.0,151995000.0,724236,416.0
506,108872000.0,21634100.0,268231500.0,582649,47.0
507,132079200.0,27746500.0,467164500.0,1205710,236.0
508,170108400.0,21385000.0,426606000.0,750933,54.0
509,140644800.0,20725900.0,194392500.0,596186,16.0
510,121532000.0,21626500.0,397764000.0,584002,48.0
511,161954400.0,23477400.0,434943000.0,507714,32.0
512,121923600.0,21417900.0,260532000.0,433169,11.0
513,108829200.0,23865400.0,326050500.0,182871,98.0
514,137816400.0,34371700.0,204436500.0,122561,108.0
515,110843200.0,29517200.0,267052500.0,648335,45.0
516,101832400.0,24138800.0,470535000.0,620119,42.0
517,104472000.0,19680800.0,294765000.0,703995,15.0
518,146537600.0,24918100.0,215304000.0,586195,43.0
519,161940000.0,32078100.0,204121500.0,712880,22.0
520,162234000.0,24899900.0,176827500.0,633963,3.0
521,216229200.0,34754500.0,267022500.0,624979,251274.0
522,126743200.0,51597500.0,435085500.0,720123,62336.0
523,199588400.0,36142700.0,235789500.0,827907,1095.0
524,173788400.0,30107000.0,705975000.0,876044,1062.0
525,136616400.0,36433300.0,914082000.0,859357,978.0
526,118826800.0,39186300.0,726357000.0,887946,1305.0
527,105425600.0,27751400.0,598212000.0,750659,110.0
528,117684000.0,33529100.0,255952500.0,768345,431.0
529,109348800.0,35844300.0,370338000.0,715894,128.0
530,94323200.0,53159900.0,175462500.0,725733,440.0
531,113730400.0,47062900.0,180337500.0,795256,36.0
532,94747600.0,35295800.0,394339500.0,745400,74.0
533,80113600.0,23149500.0,235405500.0,607343,68.0
534,152531200.0,27792200.0,245725500.0,221774,310.0
535,93984000.0,29997500.0,381345000.0,113683,542.0
536,100566000.0,36862400.0,264523500.0,676179,117.0
537,129554000.0,48572600.0,214722000.0,707555,186.0
538,222195200.0,68311100.0,227883000.0,765515,435.0
539,230673600.0,68073300.0,259357500.0,764989,409.0
540,198054800.0,56206100.0,211282500.0,884482,1990.0
541,320605600.0,93174900.0,364158000.0,1011915,707.0
542,426510000.0,97012700.0,363343500.0,1101659,289.0
543,341397200.0,71030800.0,302925000.0,949471,537.0
544,319475600.0,71677000.0,386760000.0,1011933,610.0
545,219178400.0,49814400.0,225735000.0,745856,83.0
546,187572800.0,47817300.0,162790500.0,704591,154.0
547,226176800.0,72821100.0,189943500.0,1276180,175.0
548,286744800.0,70419300.0,256105500.0,1774383,161.0
549,285290000.0,65354400.0,233916000.0,1064632,48.0
550,255598800.0,56371600.0,199837500.0,874646,47.0
551,418474000.0,93226400.0,283636500.0,1025036,256.0
552,370732000.0,92727400.0,339604500.0,743129,89.0
553,322423600.0,87905900.0,307342500.0,698829,193.0
554,324056000.0,81059800.0,359919000.0,545820,122.0
555,300233600.0,81593200.0,356793000.0,309481,333.0
556,271857200.0,85922700.0,452932500.0,136722,262.0
557,401693200.0,84866200.0,424282500.0,1133808,14.0
558,336752800.0,78975200.0,246817500.0,852951,51.0
559,287531200.0,82516700.0,343428000.0,659697,442.0
560,303602000.0,75638200.0,318340500.0,618725,476.0
561,252087200.0,64568100.0,260710500.0,633877,3.0
562,204216800.0,57042300.0,215661000.0,603124,100638.0
563,167976400.0,63420300.0,179971500.0,758711,16389.0
564,197002000.0,77927200.0,266572500.0,660082,2874.0
565,176218400.0,57969900.0,200298000.0,703286,2158.0
566,165934000.0,49630700.0,297876000.0,1095972,1294.0
567,129880000.0,41243300.0,338431500.0,1007577,643.0
568,201820400.0,67111700.0,223527000.0,752710,1063.0
569,202887200.0,62769000.0,268797000.0,797707,1144.0
570,168895200.0,48318200.0,189840000.0,823554,747.0
571,161834800.0,51385100.0,204750000.0,1122149,825.0
572,131022800.0,41905300.0,337131000.0,775120,696.0
573,194994800.0,52874300.0,458647500.0,785478,675.0
574,131154400.0,40940800.0,353655000.0,544797,642.0
575,157125200.0,50479600.0,309868500.0,350942,162.0
576,215250000.0,52765600.0,196923000.0,240628,223.0
577,130015200.0,36669600.0,221199000.0,247947,106.0
578,180991600.0,56203700.0,303136500.0,2288230,666.0
579,116862400.0,34620200.0,212482500.0,1235218,453.0
580,124814400.0,32790800.0,198550500.0,833584,482.0
581,126161200.0,34277600.0,198180000.0,600220,221.0
582,117087600.0,33194400.0,310221000.0,623201,169.0
583,112004800.0,34392700.0,228330000.0,897087,1255.0
584,137280800.0,51286600.0,243240000.0,554134,373.0
585,183064000.0,53875900.0,427078500.0,545344,327.0
586,240616800.0,39370500.0,487977000.0,403201,337.0
587,133568000.0,30372900.0,288556500.0,311488,320.0
588,147751200.0,36839200.0,254875500.0,387240,82.0
589,142333600.0,32139300.0,166848000.0,381165,469.0
590,115215200.0,28316000.0,172915500.0,310261,853.0
591,133838400.0,30877800.0,241297500.0,205181,330.0
592,145946400.0,30892700.0,247794000.0,179591,749.0
593,162301200.0,32038200.0,238603500.0,212335,324.0
594,200622400.0,44711500.0,285982500.0,150864,431.0
595,158929200.0,41873900.0,205233000.0,160507,672.0
596,166348400.0,46610400.0,157776000.0,108016,719.0
597,135178400.0,35264500.0,174987000.0,89376,229.0
598,101729600.0,26799100.0,144547500.0,430823,167.0
599,111504800.0,31261300.0,109639500.0,406431,16.0
600,102688800.0,29119500.0,183819000.0,372814,528.0
601,81803200.0,20826900.0,149812500.0,429036,6.0
602,125522000.0,36073600.0,121345500.0,466737,39.0
603,112945200.0,39517100.0,173242500.0,415246,137416.0
604,133560800.0,33810200.0,108834000.0,440168,23355.0
605,153532400.0,42130400.0,176467500.0,443647,1526.0
606,80791200.0,22622400.0,224092500.0,385710,871.0
607,87642800.0,30794600.0,203484000.0,343483,741.0
608,104491200.0,27311000.0,119242500.0,494253,2755.0
609,87560400.0,28761800.0,133315500.0,307612,807.0
610,137250400.0,39893600.0,117178500.0,396856,1502.0
611,95654400.0,33211600.0,212620500.0,416639,587.0
612,147712400.0,29783900.0,170823000.0,396033,690.0
613,166651600.0,43872300.0,278451000.0,385868,718.0
614,201662400.0,52854700.0,238747500.0,513912,347.0
615,200146000.0,43373600.0,251451000.0,406508,318.0
616,138808800.0,32770200.0,235458000.0,387546,188.0
617,165428800.0,42556700.0,210766500.0,366323,22.0
618,114406400.0,25687800.0,148362000.0,239516,51.0
619,96820400.0,23061600.0,146278500.0,113384,110.0
620,264476000.0,44441100.0,130195500.0,64113,1329.0
621,135445200.0,32818900.0,95436000.0,315264,1356.0
622,212155600.0,30917400.0,95479500.0,368730,666.0
623,192623200.0,36740600.0,164394000.0,499490,961.0
624,137522400.0,27803900.0,138817500.0,451640,207.0
625,205256800.0,54675800.0,132823500.0,356712,640.0
626,130646000.0,26701600.0,135396000.0,343913,584.0
627,140223200.0,34310300.0,253777500.0,370059,986.0
628,110737200.0,32061200.0,199903500.0,407170,331.0
629,114041600.0,29315800.0,258751500.0,347096,215.0
630,118655600.0,31897600.0,308548500.0,373236,172.0
631,112424400.0,33600700.0,322345500.0,256596,751.0
632,117092000.0,33600000.0,244669500.0,286740,209.0
633,125642800.0,33121700.0,175764000.0,367386,396.0
634,90257200.0,26177600.0,350064000.0,393149,236.0
635,191649200.0,38135600.0,584781000.0,370715,164.0
636,170989200.0,37591800.0,351271500.0,426971,339.0
637,153198000.0,32179400.0,245517000.0,352542,167.0
638,110577600.0,29940700.0,214512000.0,200101,146.0
639,92186800.0,31635300.0,139950000.0,88220,24.0
640,90318000.0,36884800.0,256821000.0,60179,89.0
641,103433200.0,37990400.0,241608000.0,389117,117.0
642,89001600.0,49605700.0,212416500.0,333647,213.0
643,197004400.0,67457000.0,364927500.0,389412,133.0
644,185438800.0,39827000.0,290949000.0,353159,474.0
645,121214000.0,30160900.0,240730500.0,377714,364.0
646,103625600.0,23251400.0,237130500.0,276804,825.0
647,90329200.0,19632600.0,141403500.0,295855,209835.0
648,158130000.0,25079600.0,114315000.0,487325,28853.0
649,374336800.0,51044000.0,183123000.0,318788,2914.0
650,308151200.0,78983000.0,132139500.0,338326,683.0
651,173071600.0,49280100.0,126225000.0,451575,2010.0
652,121776800.0,28806400.0,74217000.0,491268,1422.0
653,202428800.0,32656800.0,89884500.0,359610,294.0
654,198045600.0,27820400.0,133446000.0,398997,808.0
655,212403600.0,36716500.0,112834500.0,367796,233.0
656,187902400.0,36446500.0,129387000.0,432843,971.0
657,165598000.0,28013100.0,327441000.0,397831,404.0
658,210082000.0,22588900.0,306379500.0,329507,71.0
659,165565200.0,17958900.0,188664000.0,310866,201.0
660,119561600.0,20184800.0,303634500.0,208429,97.0
661,105633600.0,21336200.0,247117500.0,111628,92.0
662,145538000.0,27627600.0,183079500.0,81299,347.0
663,126907200.0,26981500.0,309177000.0,377070,106.0
664,338054800.0,36249300.0,322344000.0,345368,184.0
665,345937600.0,25460100.0,300954000.0,294731,85.0
666,211495600.0,23043700.0,159883500.0,330800,176.0
667,163022400.0,39600800.0,213591000.0,262243,287.0
668,155552400.0,57602200.0,355395000.0,320968,2303.0
669,187630000.0,26292900.0,301218000.0,272800,778.0
670,225702700.0,28774200.0,355123200.0,236877,158.0
671,151948100.0,25725500.0,269523300.0,285146,186.0
672,200119000.0,34080800.0,288528300.0,421771,71.0
673,257599600.0,58400300.0,262788300.0,417634,179.0
674,332607200.0,59664100.0,330965700.0,444184,607.0
675,231366600.0,52924300.0,346397100.0,720975,271.0
676,176940500.0,45679000.0,238397400.0,455356,219.0
677,182274400.0,35461500.0,254791800.0,367555,722.0
678,180860300.0,33620100.0,182152500.0,363787,73.0
679,140150100.0,30375800.0,249061800.0,347563,55.0
680,184642000.0,21823900.0,291894600.0,348861,74.0
681,154679000.0,26328100.0,216837900.0,367612,124.0
682,178011000.0,34011300.0,230337600.0,280669,67.0
683,287104900.0,55225300.0,259220400.0,85906,38.0
684,195713800.0,39839700.0,328430400.0,66195,52.0
685,183055400.0,33517100.0,238742400.0,287807,331.0
686,150718700.0,30803800.0,285222600.0,318754,5.0
687,167743300.0,31202500.0,289683300.0,269992,365.0
688,149981400.0,29437300.0,201625500.0,229025,4.0
689,137672400.0,32004900.0,149158800.0,226425,10455.0
690,99382200.0,24221900.0,150657900.0,379599,3283.0
691,142675200.0,33829100.0,144436800.0,340294,600.0
692,116120400.0,27158400.0,152224500.0,443442,730.0
693,144712000.0,33154800.0,214290000.0,391428,530.0
694,106243800.0,21331600.0,134168400.0,378579,1360.0
695,161498200.0,28554300.0,147438900.0,400531,968.0
696,96849000.0,25681100.0,129383100.0,433065,50.0
697,83477200.0,19925800.0,121263300.0,409787,348.0
698,100506900.0,26458000.0,86777100.0,331703,580.0
699,240226800.0,40461400.0,116373300.0,322035,96.0
700,262330500.0,28950800.0,103391100.0,375470,191.0
701,150712000.0,23421700.0,143639100.0,328295,33.0
702,112559200.0,22733100.0,107017200.0,248251,254.0
703,115393800.0,26057900.0,98327700.0,96488,53.0
704,120639300.0,27625800.0,108863400.0,75335,43.0
705,124423700.0,22753500.0,94968900.0,360574,329.0
706,89946000.0,22724900.0,97111500.0,366899,1202.0
707,101988000.0,22351500.0,119979600.0,307494,899.0
708,82572600.0,18879600.0,101151000.0,268931,287.0
709,111850700.0,37111600.0,84717600.0,360184,242.0
710,92276800.0,36700300.0,68059500.0,339535,176.0
711,143937800.0,51195600.0,76354200.0,489954,277.0
712,146129200.0,31432600.0,67965900.0,568816,240.0
713,190272600.0,36953700.0,127533900.0,388971,725.0
714,122866900.0,30842200.0,87063300.0,489204,190.0
715,107624400.0,27512000.0,103055100.0,410611,712.0
716,138235500.0,42311800.0,96429300.0,437000,782.0
717,126387100.0,36080100.0,85243500.0,298366,135.0
718,114457900.0,25231900.0,65118000.0,411026,304.0
719,154515300.0,44395000.0,104499000.0,622921,745.0
720,138023400.0,44045100.0,90852600.0,457045,276.0
721,112295000.0,29440800.0,52073100.0,443772,222.0
722,103162300.0,21593900.0,59565300.0,401031,220.0
723,81581900.0,18621100.0,59313300.0,338187,240.0
724,91183000.0,24953300.0,80515800.0,378785,6.0
725,74271000.0,24154100.0,183564900.0,243677,59.0
726,76322100.0,28372800.0,234132000.0,107013,152.0
727,74113000.0,24792700.0,187425900.0,88144,59.0
728,73604300.0,22843100.0,98735700.0,276340,1900.0
729,127959300.0,25683500.0,150780900.0,300717,843.0
730,113874200.0,33979700.0,160945500.0,418527,1041.0
731,76499200.0,21012900.0,146790600.0,417182,205754.0
732,46691300.0,14512200.0,112683300.0,365128,71804.0
733,169410200.0,33064800.0,189009300.0,370755,3145.0
734,127728200.0,30904500.0,120310500.0,314919,1859.0
735,89004200.0,23724500.0,143327100.0,368854,771.0
736,78967600.0,25120900.0,127656000.0,350768,1765.0
737,78260400.0,24666000.0,88203900.0,335453,1213.0
738,86712000.0,24620000.0,168929100.0,348871,1427.0
739,82225500.0,23284100.0,192795000.0,332641,121.0
740,115089200.0,32440600.0,213873600.0,434976,215.0
741,81312200.0,26733300.0,201249600.0,447529,177.0
742,86939800.0,30979400.0,139425000.0,367305,109.0
743,79184500.0,28798400.0,156121800.0,403543,258.0
744,157243700.0,27000600.0,135214500.0,311169,961.0
745,98208600.0,35023300.0,126287400.0,275331,1090.0
746,94359800.0,32515800.0,168810300.0,96536,414.0
747,192541500.0,63354900.0,666378600.0,83711,276.0
748,121251600.0,37181900.0,174135900.0,478098,136.0
749,168904800.0,22612200.0,155148000.0,295737,233.0
750,88223700.0,18699600.0,99519000.0,344306,82.0
751,54930100.0,10550600.0,68596800.0,167390,46.0
752,124486200.0,17933500.0,96835800.0,238462,75.0
753,121047300.0,17403200.0,68732400.0,213778,343.0
754,96452100.0,20272300.0,128538000.0,266957,444.0
755,99116600.0,20942100.0,148949700.0,181894,127.0
756,143301900.0,37130100.0,145914600.0,528525,154.0
757,97664900.0,23823000.0,96735600.0,643191,113.0
758,155088000.0,35930700.0,134100000.0,509365,331.0
759,109578200.0,27694500.0,154496700.0,369292,122.0
760,105158200.0,22956200.0,225166500.0,499416,60.0
761,100384500.0,23031300.0,177904800.0,394822,20.0
762,91951100.0,23249300.0,138812100.0,400200,176.0
763,88636800.0,20087100.0,99937500.0,429898,189.0
764,90221800.0,29480800.0,93798900.0,390087,149.0
765,111598500.0,31746500.0,116332800.0,165668,31.0
766,90757300.0,30480900.0,76101000.0,125964,13.0
767,104319500.0,37777300.0,76997700.0,400301,16.0
768,120150900.0,30709400.0,61563300.0,352397,6.0
769,114459400.0,30172700.0,60199500.0,437484,8.0
770,157611700.0,33152100.0,123520200.0,349076,26.0
771,98390600.0,49169600.0,69394800.0,314538,59.0
772,140843800.0,69870600.0,82002000.0,442376,195540.0
773,142621100.0,49111200.0,79134000.0,411406,27283.0
774,177523800.0,42503100.0,104972400.0,410914,1634.0
775,106239800.0,33314200.0,76174200.0,416067,1494.0
776,83305400.0,25916300.0,73038600.0,463718,1293.0
777,89880900.0,27158100.0,55030500.0,448693,1195.0
778,84183100.0,25296100.0,47438100.0,381404,2375.0
779,75693800.0,18054800.0,55699800.0,400833,1278.0
780,71297200.0,22211900.0,60485100.0,399724,254.0
781,76774200.0,23565000.0,45473100.0,514698,184.0
782,73046600.0,22186700.0,108648300.0,457535,543.0
783,64280000.0,15751100.0,64868400.0,380445,602.0
784,60145100.0,16561100.0,71304900.0,480822,259.0
785,80576300.0,26728500.0,59406900.0,602332,1141.0
786,97918500.0,21653500.0,77989500.0,335419,614.0
787,96856700.0,16925600.0,53871300.0,132035,587.0
788,87668800.0,25262600.0,56874900.0,102427,118.0
789,103916400.0,36446900.0,111809100.0,505773,165.0
790,158273000.0,30228700.0,199820700.0,570677,569.0
791,111039900.0,26339700.0,110301000.0,489933,1500.0
792,148199500.0,39542200.0,117071700.0,510357,1049.0
793,164560400.0,37819200.0,123267600.0,472723,1593.0
794,116307900.0,25324000.0,81408600.0,456679,407.0
795,102260900.0,22812500.0,71196600.0,464133,867.0
796,112966300.0,34029500.0,90624000.0,465311,501.0
797,178155000.0,44727800.0,197758500.0,694628,521.0
798,153766600.0,41872800.0,268189500.0,573168,302.0
799,154376600.0,35267400.0,155361000.0,533376,1290.0
800,129525800.0,33080500.0,202569900.0,554564,335.0
801,111943300.0,29746800.0,181817100.0,498488,412.0
802,103026500.0,29907600.0,108761700.0,441063,18.0
803,88105100.0,22653700.0,100751400.0,321714,80.0
804,92403800.0,26034900.0,88006800.0,378009,147.0
805,115227900.0,28092200.0,96587100.0,317537,729.0
806,111932600.0,29562100.0,121117500.0,254724,488.0
807,121229700.0,34833000.0,99674400.0,143597,138.0
808,185549500.0,46430700.0,128682000.0,84171,13.0
809,111912300.0,30127000.0,118536600.0,404370,51.0
810,95467100.0,31638400.0,91475700.0,712317,6.0
811,88530500.0,25620100.0,101385600.0,566291,26.0
812,98844700.0,34061900.0,117674700.0,580105,15.0
813,94071200.0,25479900.0,101558400.0,471996,33.0
814,80819200.0,25227500.0,85911000.0,449360,135457.0
815,85671900.0,24792000.0,118297200.0,388188,25316.0
816,118323800.0,43623500.0,100011900.0,414162,762.0
817,75089100.0,30338000.0,105895200.0,605567,720.0
818,88651200.0,36910600.0,125528400.0,438864,275.0
819,80171300.0,22931900.0,84815400.0,457348,890.0
820,83466700.0,22719800.0,78928200.0,475537,557.0
821,88844600.0,23625200.0,71772900.0,419913,1298.0
822,106686700.0,24326800.0,64311300.0,351436,484.0
823,91420000.0,27148700.0,87407100.0,410218,40.0
824,91266500.0,23837500.0,133958400.0,349733,367.0
825,87222800.0,23070900.0,147052200.0,419813,1037.0
826,89347100.0,25627500.0,83546700.0,243370,368.0
827,84922400.0,24878600.0,83938500.0,87795,625.0
828,94264200.0,23209300.0,119058600.0,74384,144.0
829,94812300.0,19722900.0,106827000.0,476046,1464.0
830,68847100.0,24030400.0,93646500.0,431486,250.0
831,84566500.0,25606200.0,106770900.0,344700,159.0
832,78657500.0,21462600.0,85110000.0,345407,332.0
833,66905100.0,19763300.0,93115500.0,366865,549.0
834,66015800.0,31014200.0,88311000.0,361536,117.0
835,107760100.0,46903100.0,66813000.0,387683,756.0
836,151101000.0,40589000.0,86536200.0,384489,196.0
837,109839500.0,30945100.0,122276100.0,400515,18.0
838,75135100.0,19626600.0,81129300.0,285969,18.0
839,137564700.0,32756100.0,89217900.0,370208,182.0
840,84000900.0,21901300.0,65705700.0,460066,57.0
841,78128300.0,26491100.0,83353800.0,389214,13.0
842,78973300.0,27032900.0,70407600.0,431417,2.0
843,88071200.0,29299900.0,94177200.0,448337,13.0
844,126142800.0,33641600.0,139511700.0,514949,420.0
845,112172300.0,36684400.0,101470800.0,508519,3.0
846,105861300.0,29624300.0,132554700.0,547691,100.0
847,81918000.0,23901100.0,100112700.0,383749,41.0
848,74244600.0,24970200.0,97171200.0,268476,13.0
849,63342900.0,20168000.0,110491800.0,167348,3.0
850,92612000.0,25739800.0,118735200.0,101902,348.0
851,76857100.0,21800700.0,92463300.0,524168,85.0
852,79295400.0,21863100.0,78091800.0,530831,5.0
853,63092900.0,21411500.0,103674300.0,466647,39.0
854,72009500.0,17704300.0,84017700.0,497394,56.0
855,56575900.0,17771600.0,85917900.0,376207,170526.0
856,94625600.0,24426200.0,79111800.0,337542,35794.0
857,71311100.0,18270200.0,68211000.0,390461,2415.0
858,67637100.0,23213300.0,54254700.0,570985,640.0
859,59278900.0,19406700.0,69908400.0,332995,1267.0
860,76229200.0,25307700.0,90335700.0,351367,1021.0
861,75169300.0,25281100.0,72110700.0,326250,367.0
862,71057600.0,23079200.0,67631100.0,365621,87.0
863,74403800.0,22455000.0,78160200.0,441302,930.0
864,56877900.0,17937600.0,49753800.0,410820,148.0
865,71186400.0,24563600.0,71758800.0,492464,186.0
866,53522400.0,18999700.0,48615900.0,563575,349.0
867,96906500.0,19150500.0,61272000.0,319639,41.0
868,62746300.0,18038900.0,53292300.0,336035,78.0
869,91815000.0,27220000.0,66432300.0,426775,117.0
870,96721700.0,27565500.0,68104200.0,373780,1135.0
871,108953300.0,37202200.0,73682700.0,139584,354.0
872,79663300.0,26696100.0,74438100.0,123662,38.0
873,74783600.0,24694100.0,57476700.0,498555,101.0
874,60214200.0,19518700.0,93297600.0,429207,136.0
875,68711000.0,21446900.0,137947200.0,334833,78.0
876,70783700.0,25611100.0,97490100.0,364721,35.0
877,62111300.0,19590000.0,64884600.0,354701,888.0
878,64556100.0,19937800.0,52143900.0,321448,419.0
879,63261400.0,21656500.0,56774700.0,383626,51.0
880,52485800.0,16725300.0,55903500.0,615678,44.0
881,78852600.0,26458000.0,81163500.0,377531,23.0
882,108181800.0,31565600.0,69853500.0,714044,332.0
883,104911600.0,23260000.0,56376000.0,607971,244.0
884,105575500.0,24618600.0,68319900.0,529690,148.0
885,99890800.0,23916700.0,54421500.0,422154,218.0
886,76299700.0,18931700.0,77781000.0,397931,147.0
887,100827100.0,26120100.0,62898300.0,444078,78.0
888,127050800.0,23113700.0,64923600.0,528360,707.0
889,106820300.0,22604200.0,60628800.0,368679,99.0
890,93251400.0,26186800.0,49113000.0,133926,78.0
891,121434600.0,32935600.0,63891300.0,82565,33.0
892,96350000.0,26259700.0,46461300.0,561629,128.0
893,74993500.0,24364300.0,41859900.0,503030,135.0
894,77338200.0,23384100.0,45317100.0,435181,2.0
895,71447400.0,22768100.0,43814700.0,274778,1.0
896,72434100.0,23176100.0,76009800.0,395743,17.0
897,104818600.0,33604100.0,98439900.0,333123,1.0
898,118931200.0,33566900.0,48019800.0,318911,209783.0
899,56699500.0,18168300.0,91183800.0,294462,30496.0
900,70440600.0,20944800.0,88969200.0,303700,3100.0
901,62880000.0,16267400.0,100847400.0,448200,1334.0
902,64786600.0,17879000.0,64860900.0,509938,3341.0
903,56368300.0,16191300.0,51007800.0,582924,2860.0
904,46397700.0,13900200.0,38758800.0,416331,588.0
905,54126800.0,16589300.0,46869000.0,537136,859.0
906,48908700.0,16117600.0,44145900.0,598381,1621.0
907,69023100.0,18616600.0,40296900.0,452126,1363.0
908,48493500.0,13955900.0,29401800.0,513292,542.0
909,72282600.0,14561300.0,52377300.0,352465,739.0
910,59375000.0,18249000.0,50194500.0,272033,436.0
911,103296000.0,22507600.0,68032200.0,334844,219.0
912,92229700.0,20075300.0,71163900.0,235303,200.0
913,86326000.0,21813000.0,61048200.0,121197,263.0
914,86960300.0,29850500.0,42940500.0,88237,245.0
915,60549600.0,40817600.0,44525700.0,365009,235.0
916,60131800.0,22830200.0,60794700.0,397290,32.0
917,48606400.0,18175800.0,39249300.0,335888,22.0
918,58991300.0,20006100.0,37936800.0,353742,812.0
919,48597200.0,17666100.0,39642900.0,344286,61.0
920,55802400.0,22605700.0,41501400.0,326056,1219.0
921,90956700.0,16348100.0,55812600.0,360797,684.0
922,86453100.0,26285300.0,62566200.0,325853,82.0
923,80313700.0,18983800.0,39612900.0,399497,114.0
924,71115500.0,16285600.0,38331900.0,403314,26.0
925,57808700.0,14747900.0,45738300.0,313086,53.0
926,82278300.0,17180400.0,60119400.0,481704,48.0
927,74420200.0,15046800.0,56379000.0,389325,69.0
928,57305700.0,19927000.0,42233100.0,556451,49.0
929,140893200.0,19633400.0,45552600.0,411079,0.0
930,102404300.0,23652900.0,68857500.0,390939,533.0
931,109296300.0,21853400.0,55574700.0,414231,764.0
932,83281300.0,28356300.0,46073100.0,418665,59.0
933,68034100.0,19550800.0,41770200.0,298412,1645.0
934,129868800.0,41372500.0,84612600.0,119933,581.0
935,123478900.0,38278700.0,74273100.0,75837,185.0
936,75834000.0,22364100.0,48992100.0,393403,106.0
937,76404300.0,26626300.0,45378900.0,381061,17.0
938,64838200.0,18604600.0,35842500.0,403405,31.0
939,53477900.0,14999000.0,64119000.0,350382,76.0
940,74150700.0,23571700.0,84212100.0,417829,808.0
941,108972300.0,43186200.0,76144200.0,476143,15748.0
942,74602000.0,26353700.0,62828700.0,424193,6634.0
943,89056700.0,32343600.0,53868000.0,583189,997.0
944,94639600.0,30086300.0,51094200.0,388996,2220.0
945,98322000.0,31350700.0,91449900.0,458006,417.0
946,80861100.0,24993000.0,55297800.0,449617,98.0
947,83221100.0,28002600.0,43898400.0,459055,56.0
948,61732700.0,20430500.0,57587400.0,545008,336.0
949,58773200.0,17685700.0,50215800.0,662010,254.0
950,64452200.0,19298600.0,42600900.0,653756,128.0
951,73035900.0,17974100.0,66060000.0,598181,139.0
952,78762700.0,23416300.0,42360300.0,487220,150.0
953,69907100.0,27262900.0,36741600.0,399813,337.0
954,67940300.0,25384800.0,56773800.0,277953,874.0
955,85589200.0,22729300.0,72621600.0,134098,266.0
956,76378900.0,17682100.0,52143300.0,82607,51.0
957,58418800.0,16537100.0,42096300.0,530693,127.0
958,61421000.0,16918100.0,94444500.0,567503,146.0
959,58883400.0,17449300.0,68642400.0,465355,532.0
960,50720600.0,17554500.0,188556300.0,568725,140.0
961,60893400.0,28107300.0,187245000.0,467716,359.0
962,56094900.0,52588700.0,115579500.0,529952,543.0
963,100077900.0,26297900.0,81639600.0,491585,452.0
964,124953200.0,34766000.0,89755200.0,507309,583.0
965,74588300.0,27073200.0,168146100.0,412309,142.0
966,69122000.0,26487100.0,128213400.0,429608,213.0
967,54511500.0,21500100.0,103885500.0,546577,108.0
968,60394600.0,23992200.0,76192200.0,701119,103.0
969,65463900.0,22570100.0,64886400.0,531054,239.0
970,55020900.0,20897000.0,100337100.0,393953,261.0
971,56787900.0,21307400.0,177317400.0,504832,170.0
972,65187100.0,25500900.0,128408100.0,555215,795.0
973,41000000.0,16849800.0,67189800.0,475436,292.0
974,63804000.0,23831000.0,76719300.0,390304,210.0
975,59222800.0,16723000.0,104326800.0,343484,87.0
976,59256200.0,20886800.0,79627200.0,325668,1.0
977,88807000.0,19053400.0,94336200.0,174471,2.0
978,137827700.0,22463500.0,62696700.0,83984,9.0
979,117305600.0,21963400.0,64926900.0,623448,21.0
980,117467900.0,31031100.0,99217500.0,465768,14.0
981,96041900.0,30427600.0,108515100.0,506987,264.0
982,69463600.0,21661300.0,67680600.0,328848,188.0
983,,,,328848,188.0
984,76959800.0,24217200.0,35042700.0,844630,186800.0
985,88748200.0,28563500.0,58393500.0,675090,26926.0
986,174048100.0,42885600.0,81276000.0,722475,4903.0
987,152052500.0,33337600.0,68450400.0,602447,1128.0
988,136739200.0,30766000.0,73114800.0,668293,1557.0
989,118023100.0,41779300.0,92322000.0,449974,694.0
990,107497000.0,30032600.0,81663000.0,401060,381.0
991,120405400.0,31021900.0,56084700.0,496528,308.0
992,116998900.0,24761000.0,41906400.0,464846,1383.0
993,108923700.0,22214200.0,59438400.0,393205,455.0
994,115402700.0,38095700.0,59664300.0,397883,545.0
995,153237000.0,28899400.0,78595500.0,406604,206.0
996,139380400.0,44438700.0,70806300.0,359454,322.0
997,131063300.0,35381100.0,75169200.0,294337,283.0
998,150185800.0,35034800.0,82771500.0,142541,21.0
999,195432700.0,47750300.0,100437300.0,78125,654.0
1000,107499100.0,28326500.0,56480100.0,492217,226.0
1001,91185900.0,24740600.0,71517900.0,358779,575.0
1002,92135300.0,24831500.0,93634200.0,306709,567.0
1003,68356600.0,19617800.0,92713200.0,270223,193.0
1004,74919600.0,19947000.0,71145900.0,268490,150.0
1005,79144300.0,15661500.0,60324000.0,249728,146.0
1006,62348900.0,15042000.0,56154000.0,283557,623.0
1007,59773000.0,15994500.0,47040900.0,231163,306.0
1008,64062300.0,18000800.0,40733700.0,237118,80.0
1009,104487900.0,28865100.0,103931400.0,317628,116.0
1010,99310400.0,32674300.0,100248300.0,372848,38.0
1011,94537600.0,40054300.0,80119800.0,397898,8.0
1012,96904000.0,39646100.0,90336600.0,476665,30.0
1013,86709100.0,32720000.0,84164700.0,414434,17.0
1014,106765600.0,44289500.0,91815000.0,389956,534.0
1015,76138300.0,29386800.0,66063300.0,481815,743.0
1016,74805200.0,34372200.0,83739000.0,420619,1547.0
1017,84505800.0,45366000.0,97209900.0,364769,40.0
1018,80440800.0,39846400.0,72924300.0,364442,816.0
1019,90956700.0,42333200.0,66743400.0,163643,900.0
1020,94815000.0,45933900.0,75442500.0,113153,4.0
1021,91420500.0,35380700.0,70488600.0,532202,20.0
1022,122848900.0,57984400.0,103416000.0,509103,19.0
1023,162294600.0,85731500.0,151565700.0,511695,8.0
1024,115798400.0,72848600.0,86595900.0,507219,11.0
1025,108275300.0,90428900.0,104867400.0,459642,55.0
1026,121954600.0,53481300.0,147109500.0,427804,196036.0
1027,179935700.0,49743700.0,134789100.0,436172,28521.0
1028,115541600.0,46444500.0,104436000.0,359080,1735.0
1029,86213900.0,40950400.0,73138200.0,376841,223.0
1030,84914300.0,36636000.0,66792900.0,456863,1690.0
1031,89418100.0,43730000.0,78855600.0,465771,466.0
1032,82465400.0,35096500.0,73625400.0,410926,571.0
1033,77251200.0,28533300.0,60994500.0,497754,601.0
1034,74829200.0,32421200.0,50729100.0,467386,108.0
1035,71285000.0,31284700.0,52259400.0,445618,683.0
1036,90865900.0,45386200.0,66126900.0,492091,365.0
1037,98670700.0,39175600.0,79645800.0,554423,181.0
1038,86185500.0,36359500.0,67756500.0,467071,79.0
1039,62527400.0,27058300.0,57286200.0,442641,86.0
1040,61177400.0,29982100.0,51294300.0,401453,34.0
1041,69589300.0,32461600.0,55178400.0,212552,393.0
1042,82772700.0,34264000.0,68501700.0,150382,51.0
1043,91162800.0,41736100.0,83288100.0,789041,173.0
1044,90009200.0,37811200.0,95256900.0,440574,73.0
1045,141147500.0,56989700.0,135322200.0,872244,2706.0
1046,91974200.0,32546700.0,76067700.0,523793,586.0
1047,95056600.0,34627500.0,99006900.0,490796,390.0
1048,83474400.0,31217800.0,74766900.0,698814,547.0
1049,79724800.0,31873000.0,74643300.0,651853,109.0
1050,76678400.0,27314500.0,61623600.0,592031,122.0
1051,83737200.0,32356500.0,66999600.0,493875,47.0
1052,96418800.0,43157200.0,72494100.0,576022,2516.0
1053,131148300.0,48159500.0,80399100.0,583106,1813.0
1054,91454900.0,35204500.0,59184000.0,594773,1022.0
1055,105342000.0,30628000.0,58648500.0,437924,670.0
1056,96970100.0,27209300.0,67037100.0,368194,865.0
1057,108732100.0,30660700.0,71152200.0,344184,145.0
1058,92964300.0,34245100.0,66841200.0,401690,71.0
1059,102300200.0,37826300.0,84028800.0,293947,104.0
1060,75615400.0,30816600.0,66582900.0,210763,39.0
1061,123511700.0,43390600.0,100414200.0,74247,28.0
1062,95811400.0,28351200.0,81981600.0,77217,5.0
1063,81532000.0,27599700.0,105868500.0,318629,26.0
1064,98062700.0,25715400.0,120676200.0,289182,204.0
1065,90131400.0,24484500.0,68920800.0,307238,8.0
1066,80546200.0,22566500.0,62031600.0,320304,83.0
1067,90371900.0,29578200.0,102506100.0,372251,7.0
1068,100589400.0,30393400.0,73614900.0,387200,128051.0
1069,92633200.0,28163600.0,59865000.0,284544,17765.0
1070,103049300.0,33422100.0,48992700.0,450845,3617.0
1071,78751300.0,27110500.0,54263100.0,324777,1016.0
1072,76468400.0,24289600.0,82035900.0,288131,371.0
1073,73401800.0,23156700.0,80075100.0,280283,412.0
1074,89058800.0,40110400.0,89348400.0,366036,138.0
1075,77594700.0,31411200.0,79447200.0,367318,311.0
1076,76575500.0,24361900.0,55013700.0,310082,153.0
1077,72246700.0,34569300.0,59357100.0,315873,163.0
1078,79265200.0,30966700.0,65976000.0,329037,246.0
1079,70618900.0,21907200.0,55121100.0,312502,204.0
1080,75329400.0,28221600.0,58422300.0,244952,101.0
1081,69023900.0,20778000.0,51715200.0,68489,196.0
1082,67723800.0,22297700.0,49847700.0,71792,130.0
1083,67929800.0,22906700.0,70711200.0,299028,621.0
1084,87227800.0,29454600.0,105416400.0,280321,4.0
1085,84882400.0,29405800.0,69696600.0,246116,178.0
1086,96046400.0,35678900.0,68341200.0,328153,748.0
1087,95623200.0,46518400.0,136133700.0,351850,302.0
1088,88063200.0,63477700.0,76956300.0,278781,1786.0
1089,130216800.0,33646600.0,124948500.0,312064,513.0
1090,131747600.0,37073900.0,88133100.0,294386,132.0
1091,123055300.0,35151100.0,75781500.0,261878,385.0
1092,88966500.0,25978600.0,63709500.0,239266,466.0
1093,108256500.0,33599300.0,81643800.0,272909,1.0
1094,130525300.0,43260400.0,92519100.0,286916,80.0
1095,116124600.0,37780300.0,72903000.0,294278,214.0
1096,131577900.0,47726000.0,90810300.0,368183,304.0
1097,115366700.0,39336400.0,84401700.0,389750,1540.0
1098,142689800.0,48975900.0,97224600.0,382701,892.0
1099,182602000.0,51033800.0,140313000.0,323547,153.0
1100,113990900.0,34925100.0,92150700.0,240989,335.0
1101,86643800.0,32550900.0,86098500.0,289127,34.0
1102,78336300.0,28828800.0,80236200.0,252630,121.0
1103,109742900.0,31356000.0,87811800.0,103669,311.0
1104,136095600.0,32692300.0,90296700.0,68511,138.0
1105,137426100.0,39199300.0,144973200.0,229930,110.0
1106,117726300.0,33175400.0,88903500.0,215623,216.0
1107,104132700.0,29043900.0,89092500.0,224794,33.0
1108,92482700.0,28547900.0,92139300.0,191370,0.0
1109,90601500.0,25002100.0,106003200.0,234752,123355.0
1110,90978500.0,26910800.0,89295000.0,217281,30091.0
1111,103718400.0,37827700.0,101914500.0,440796,4073.0
1112,74286600.0,25292200.0,77247900.0,290530,1623.0
1113,72348100.0,44008200.0,93473100.0,327600,551.0
1114,88570300.0,28059000.0,112393800.0,240831,53.0
1115,71598400.0,22400300.0,84204600.0,246825,142.0
1116,67808200.0,22860700.0,72808500.0,341694,1168.0
1117,53950200.0,17372300.0,76210500.0,340591,218.0
1118,69473000.0,26439700.0,96491400.0,293295,159.0
1119,91437900.0,31422800.0,97536600.0,352906,1490.0
1120,122207100.0,46135800.0,102767400.0,372403,127.0
1121,84784300.0,28651500.0,97988700.0,366320,536.0
1122,91533000.0,33111700.0,119131800.0,301750,108.0
1123,108123900.0,33169200.0,107390700.0,162543,136.0
1124,134520300.0,43084800.0,92641800.0,103149,170.0
1125,,,,103149,
1126,81000500.0,29928300.0,122793000.0,427262,216.0
1127,73409200.0,25939900.0,101107500.0,432724,115.0
1128,72433800.0,25861400.0,104202600.0,346362,9.0
1129,89116800.0,33923200.0,95770800.0,321591,61.0
1130,70207900.0,24615100.0,89178300.0,282914,77.0
1131,67083400.0,27295500.0,90391200.0,306748,391.0
1132,66242400.0,20069800.0,82897200.0,322060,173.0
1133,98964500.0,31730900.0,94600500.0,362890,328.0
1134,71051600.0,22837700.0,74460300.0,305338,77.0
1135,73353800.0,22941000.0,84581100.0,594215,64.0
1136,74064300.0,23824400.0,71853600.0,444106,1729.0
1137,66253700.0,20859900.0,81930600.0,379861,1869.0
1138,64547800.0,19658800.0,101854200.0,327461,370.0
1139,63141600.0,19455200.0,99241200.0,348566,75.0
1140,77588800.0,35868500.0,87930900.0,398552,451.0
1141,71185600.0,29497400.0,97954500.0,347193,368.0
1142,78140700.0,25102800.0,78557400.0,387528,1289.0
1143,76259900.0,29774100.0,69683100.0,240766,721.0
1144,81420900.0,20975000.0,82537500.0,84669,264.0
1145,82982400.0,25012600.0,80890200.0,63149,1684.0
1146,64823400.0,22788300.0,88864200.0,315620,130.0
1147,65086600.0,22404700.0,142032300.0,318911,183.0
1148,66675400.0,21881300.0,103472700.0,307568,61.0
1149,53623900.0,21056000.0,64073400.0,278998,67.0
1150,55138700.0,39348000.0,66820800.0,310043,1.0
1151,78620700.0,45994000.0,88110000.0,321903,144865.0
1152,81378700.0,33459300.0,84723000.0,318403,37236.0
1153,101786900.0,32152800.0,95313000.0,349374,3485.0
1154,67829400.0,21539600.0,117042900.0,365293,705.0
1155,59907000.0,22754200.0,95577600.0,328538,1078.0
1156,82507500.0,23518900.0,80091000.0,395099,399.0
1157,55474100.0,18098700.0,72256200.0,334931,285.0
1158,56697000.0,16774600.0,113172900.0,350016,645.0
1159,60276900.0,18739200.0,98994000.0,340157,127.0
1160,63135500.0,23405200.0,86244600.0,347045,249.0
1161,70170500.0,24687800.0,94918800.0,383766,601.0
1162,57149200.0,20065900.0,70155000.0,341234,1235.0
1163,68039400.0,22619700.0,79657200.0,264953,187.0
1164,54091700.0,18085700.0,89359200.0,275443,64.0
1165,56377100.0,18102900.0,88136400.0,305366,308.0
1166,79542000.0,18253400.0,68766000.0,230346,23.0
1167,62290100.0,17186200.0,47500500.0,80029,321.0
1168,70346300.0,20570000.0,61395300.0,58714,49.0
1169,69026800.0,25061100.0,55843200.0,352665,347.0
1170,54147100.0,17527400.0,63984900.0,285607,509.0
1171,53841500.0,18137000.0,57259800.0,320388,187.0
1172,51218200.0,16583400.0,53230000.0,279877,172.0
1173,78961000.0,27549300.0,57163900.0,288392,202.0
1174,73314000.0,20338500.0,41864700.0,283463,950.0
1175,77906200.0,22767100.0,50541800.0,386272,385.0
1176,87991100.0,24791800.0,52107300.0,344147,2133.0
1177,74229900.0,23263400.0,54287000.0,305106,683.0
1178,76905200.0,22841600.0,50752200.0,277533,182.0
1179,73714800.0,21328200.0,55860000.0,420255,697.0
1180,87449600.0,24126700.0,50028900.0,380781,651.0
1181,84923800.0,20319900.0,53713100.0,342763,1193.0
1182,68028800.0,22084700.0,54338100.0,305188,635.0
1183,104956000.0,18747700.0,48674600.0,275104,68.0
1184,122656600.0,33353300.0,68229600.0,347998,432.0
1185,87965400.0,23913000.0,72628700.0,335381,532.0
1186,90481100.0,31530900.0,64795500.0,235358,1125.0
1187,162157000.0,39775100.0,86949500.0,87829,464.0
1188,81474200.0,26826900.0,60231200.0,59626,580.0
1189,107689800.0,26660300.0,61642800.0,279813,2830.0
1190,101696800.0,28625600.0,62555700.0,339683,2337.0
1191,86652500.0,31061200.0,70545400.0,303492,973.0
1192,95939200.0,34137200.0,63615400.0,334271,1224.0
1193,93339400.0,27694200.0,58076900.0,280927,1205.0
1194,84442700.0,27018700.0,61925200.0,283614,888.0
1195,146691400.0,29029700.0,54664800.0,324678,18311.0
1196,128138200.0,27484200.0,77620600.0,286126,6028.0
1197,124705400.0,35671100.0,67517800.0,253154,548.0
1198,114311700.0,28880400.0,98363500.0,287168,410.0
1199,87830100.0,34888400.0,109578500.0,302549,291.0
1200,79471000.0,20347100.0,86982700.0,329790,418.0
1201,68402200.0,20239900.0,69298400.0,235296,133.0
1202,85859100.0,37732400.0,83592300.0,385917,153813.0
